Product,Reviewer,Review_Title,Review_Text,Review_Rating,Review_Date,Product_URL
"Safari Genius Alley Set of 3 (Cabin + Medium + Large) Trolley Bags Hard Case Polypropylene, 4 Wheels, 360 Degree Wheeling Luggage, Suitcase for Travel, Trolley Bags for Travel, Flintstone",Dharmender Tiwari,Overall Experience,"If you’re looking for an affordable, durable, and practical luggage set, this is a solid choice. It may not be luxury-level, but for regular travel, it does the job really well and feels reliable.",,Reviewed in India on 20 April 2026,https://www.amazon.in/Safari-Polypropylene-Wheeling-Suitcase-Flintstone/dp/B0FLYGLKYQ/ref=sr_1_5?sr=8-5
"Safari Genius Alley Set of 3 (Cabin + Medium + Large) Trolley Bags Hard Case Polypropylene, 4 Wheels, 360 Degree Wheeling Luggage, Suitcase for Travel, Trolley Bags for Travel, Flintstone",Excellent,PRODUCT QUALITY,"Product quality, design, colour , Zipper quality and appearance all are good.
Durable and Valuable for money.",,Reviewed in India on 28 April 2026,https://www.amazon.in/Safari-Polypropylene-Wheeling-Suitcase-Flintstone/dp/B0FLYGLKYQ/ref=sr_1_5?sr=8-5
"Safari Genius Alley Set of 3 (Cabin + Medium + Large) Trolley Bags Hard Case Polypropylene, 4 Wheels, 360 Degree Wheeling Luggage, Suitcase for Travel, Trolley Bags for Travel, Flintstone",Ramakrishna gutam,Super product,Good.. value for money,,Reviewed in India on 28 April 2026,https://www.amazon.in/Safari-Polypropylene-Wheeling-Suitcase-Flintstone/dp/B0FLYGLKYQ/ref=sr_1_5?sr=8-5
"Safari Genius Alley Set of 3 (Cabin + Medium + Large) Trolley Bags Hard Case Polypropylene, 4 Wheels, 360 Degree Wheeling Luggage, Suitcase for Travel, Trolley Bags for Travel, Flintstone",AishS,Good product,"Is lightweight,good price but could have been a little better quality ,good size for long journey travelling",,Reviewed in India on 19 March 2026,https://www.amazon.in/Safari-Polypropylene-Wheeling-Suitcase-Flintstone/dp/B0FLYGLKYQ/ref=sr_1_5?sr=8-5
"Safari Genius Alley Set of 3 (Cabin + Medium + Large) Trolley Bags Hard Case Polypropylene, 4 Wheels, 360 Degree Wheeling Luggage, Suitcase for Travel, Trolley Bags for Travel, Flintstone",Nimish Singhal,Low quality product,"Only brand name , low quality product",,Reviewed in India on 23 March 2026,https://www.amazon.in/Safari-Polypropylene-Wheeling-Suitcase-Flintstone/dp/B0FLYGLKYQ/ref=sr_1_5?sr=8-5
"Safari Genius Alley Set of 3 (Cabin + Medium + Large) Trolley Bags Hard Case Polypropylene, 4 Wheels, 360 Degree Wheeling Luggage, Suitcase for Travel, Trolley Bags for Travel, Flintstone",KAVIGANESH.E,Superb product,Worth for money. Looks good.,,Reviewed in India on 13 April 2026,https://www.amazon.in/Safari-Polypropylene-Wheeling-Suitcase-Flintstone/dp/B0FLYGLKYQ/ref=sr_1_5?sr=8-5
"Safari Genius Alley Set of 3 (Cabin + Medium + Large) Trolley Bags Hard Case Polypropylene, 4 Wheels, 360 Degree Wheeling Luggage, Suitcase for Travel, Trolley Bags for Travel, Flintstone",Pardeep Mandora,Double rollers make it work easy,Material is good . Quality is impressive. Easy to carry,,Reviewed in India on 17 April 2026,https://www.amazon.in/Safari-Polypropylene-Wheeling-Suitcase-Flintstone/dp/B0FLYGLKYQ/ref=sr_1_5?sr=8-5
"Safari Genius Alley Set of 3 (Cabin + Medium + Large) Trolley Bags Hard Case Polypropylene, 4 Wheels, 360 Degree Wheeling Luggage, Suitcase for Travel, Trolley Bags for Travel, Flintstone",Lucky Yadav,"Great product and timely delivery, good value for money.👍","Great product and timely delivery, good value for money.👍",,Reviewed in India on 12 April 2026,https://www.amazon.in/Safari-Polypropylene-Wheeling-Suitcase-Flintstone/dp/B0FLYGLKYQ/ref=sr_1_5?sr=8-5
"Safari Cabin Genius Alley 55cm Trolley Bag Hard Case Polypropylene, 4 Spinner Wheels, 360 Degree Wheeling Carry on Luggage, Travel Bag, Suitcase for Travel, Trolley Bags for Travel, Navy",Dharmender Tiwari,Overall Experience,"If you’re looking for an affordable, durable, and practical luggage set, this is a solid choice. It may not be luxury-level, but for regular travel, it does the job really well and feels reliable.",,Reviewed in India on 20 April 2026,https://www.amazon.in/Safari-Trolley-Polypropylene-Wheeling-Suitcase/dp/B0F67J5S83/ref=sr_1_6?sr=8-6
"Safari Cabin Genius Alley 55cm Trolley Bag Hard Case Polypropylene, 4 Spinner Wheels, 360 Degree Wheeling Carry on Luggage, Travel Bag, Suitcase for Travel, Trolley Bags for Travel, Navy",Excellent,PRODUCT QUALITY,"Product quality, design, colour , Zipper quality and appearance all are good.
Durable and Valuable for money.",,Reviewed in India on 28 April 2026,https://www.amazon.in/Safari-Trolley-Polypropylene-Wheeling-Suitcase/dp/B0F67J5S83/ref=sr_1_6?sr=8-6
"Safari Cabin Genius Alley 55cm Trolley Bag Hard Case Polypropylene, 4 Spinner Wheels, 360 Degree Wheeling Carry on Luggage, Travel Bag, Suitcase for Travel, Trolley Bags for Travel, Navy",Ramakrishna gutam,Super product,Good.. value for money,,Reviewed in India on 28 April 2026,https://www.amazon.in/Safari-Trolley-Polypropylene-Wheeling-Suitcase/dp/B0F67J5S83/ref=sr_1_6?sr=8-6
"Safari Cabin Genius Alley 55cm Trolley Bag Hard Case Polypropylene, 4 Spinner Wheels, 360 Degree Wheeling Carry on Luggage, Travel Bag, Suitcase for Travel, Trolley Bags for Travel, Navy",AishS,Good product,"Is lightweight,good price but could have been a little better quality ,good size for long journey travelling",,Reviewed in India on 19 March 2026,https://www.amazon.in/Safari-Trolley-Polypropylene-Wheeling-Suitcase/dp/B0F67J5S83/ref=sr_1_6?sr=8-6
"Safari Cabin Genius Alley 55cm Trolley Bag Hard Case Polypropylene, 4 Spinner Wheels, 360 Degree Wheeling Carry on Luggage, Travel Bag, Suitcase for Travel, Trolley Bags for Travel, Navy",Nimish Singhal,Low quality product,"Only brand name , low quality product",,Reviewed in India on 23 March 2026,https://www.amazon.in/Safari-Trolley-Polypropylene-Wheeling-Suitcase/dp/B0F67J5S83/ref=sr_1_6?sr=8-6
"Safari Cabin Genius Alley 55cm Trolley Bag Hard Case Polypropylene, 4 Spinner Wheels, 360 Degree Wheeling Carry on Luggage, Travel Bag, Suitcase for Travel, Trolley Bags for Travel, Navy",KAVIGANESH.E,Superb product,Worth for money. Looks good.,,Reviewed in India on 13 April 2026,https://www.amazon.in/Safari-Trolley-Polypropylene-Wheeling-Suitcase/dp/B0F67J5S83/ref=sr_1_6?sr=8-6
"Safari Cabin Genius Alley 55cm Trolley Bag Hard Case Polypropylene, 4 Spinner Wheels, 360 Degree Wheeling Carry on Luggage, Travel Bag, Suitcase for Travel, Trolley Bags for Travel, Navy",Pardeep Mandora,Double rollers make it work easy,Material is good . Quality is impressive. Easy to carry,,Reviewed in India on 17 April 2026,https://www.amazon.in/Safari-Trolley-Polypropylene-Wheeling-Suitcase/dp/B0F67J5S83/ref=sr_1_6?sr=8-6
"Safari Cabin Genius Alley 55cm Trolley Bag Hard Case Polypropylene, 4 Spinner Wheels, 360 Degree Wheeling Carry on Luggage, Travel Bag, Suitcase for Travel, Trolley Bags for Travel, Navy",Lucky Yadav,"Great product and timely delivery, good value for money.👍","Great product and timely delivery, good value for money.👍",,Reviewed in India on 12 April 2026,https://www.amazon.in/Safari-Trolley-Polypropylene-Wheeling-Suitcase/dp/B0F67J5S83/ref=sr_1_6?sr=8-6
"Safari Medium Thorium Neo 8 Wheels 66 Cm Check-in Trolley Bag Hard Case Polycarbonate 360 Degree Wheeling System Luggage, Trolley Bags for Travel, Suitcase for Travel, Graphite Blue",Damini,N/A,N/A,,Reviewed in India on 18 April 2026,https://www.amazon.in/Safari-Polycarbonate-Wheeling-Speed_Wheel-Suitcase/dp/B097JMXLT9/ref=sr_1_7?sr=8-7
"Safari Medium Thorium Neo 8 Wheels 66 Cm Check-in Trolley Bag Hard Case Polycarbonate 360 Degree Wheeling System Luggage, Trolley Bags for Travel, Suitcase for Travel, Graphite Blue",Devendra Sharma,N/A,N/A,,Reviewed in India on 19 April 2026,https://www.amazon.in/Safari-Polycarbonate-Wheeling-Speed_Wheel-Suitcase/dp/B097JMXLT9/ref=sr_1_7?sr=8-7
"Safari Medium Thorium Neo 8 Wheels 66 Cm Check-in Trolley Bag Hard Case Polycarbonate 360 Degree Wheeling System Luggage, Trolley Bags for Travel, Suitcase for Travel, Graphite Blue",Vineet Kumar,N/A,N/A,,Reviewed in India on 16 April 2026,https://www.amazon.in/Safari-Polycarbonate-Wheeling-Speed_Wheel-Suitcase/dp/B097JMXLT9/ref=sr_1_7?sr=8-7
"Safari Medium Thorium Neo 8 Wheels 66 Cm Check-in Trolley Bag Hard Case Polycarbonate 360 Degree Wheeling System Luggage, Trolley Bags for Travel, Suitcase for Travel, Graphite Blue",Kiran R.,N/A,N/A,,Reviewed in India on 24 April 2026,https://www.amazon.in/Safari-Polycarbonate-Wheeling-Speed_Wheel-Suitcase/dp/B097JMXLT9/ref=sr_1_7?sr=8-7
"Safari Medium Thorium Neo 8 Wheels 66 Cm Check-in Trolley Bag Hard Case Polycarbonate 360 Degree Wheeling System Luggage, Trolley Bags for Travel, Suitcase for Travel, Graphite Blue",Mrinal,N/A,N/A,,Reviewed in India on 16 November 2025,https://www.amazon.in/Safari-Polycarbonate-Wheeling-Speed_Wheel-Suitcase/dp/B097JMXLT9/ref=sr_1_7?sr=8-7
"Safari Medium Thorium Neo 8 Wheels 66 Cm Check-in Trolley Bag Hard Case Polycarbonate 360 Degree Wheeling System Luggage, Trolley Bags for Travel, Suitcase for Travel, Graphite Blue",Shiv Shankar Dinda,N/A,N/A,,Reviewed in India on 25 April 2026,https://www.amazon.in/Safari-Polycarbonate-Wheeling-Speed_Wheel-Suitcase/dp/B097JMXLT9/ref=sr_1_7?sr=8-7
"Safari Medium Thorium Neo 8 Wheels 66 Cm Check-in Trolley Bag Hard Case Polycarbonate 360 Degree Wheeling System Luggage, Trolley Bags for Travel, Suitcase for Travel, Graphite Blue",ASHRAF M D,N/A,N/A,,Reviewed in India on 5 April 2026,https://www.amazon.in/Safari-Polycarbonate-Wheeling-Speed_Wheel-Suitcase/dp/B097JMXLT9/ref=sr_1_7?sr=8-7
"Safari Medium Thorium Neo 8 Wheels 66 Cm Check-in Trolley Bag Hard Case Polycarbonate 360 Degree Wheeling System Luggage, Trolley Bags for Travel, Suitcase for Travel, Graphite Blue",Abcd,N/A,N/A,,Reviewed in India on 27 April 2026,https://www.amazon.in/Safari-Polycarbonate-Wheeling-Speed_Wheel-Suitcase/dp/B097JMXLT9/ref=sr_1_7?sr=8-7
"Safari Genius Alley Set of 3 (Cabin + Medium + Large) Trolley Bags Hard Case Polypropylene, 4 Wheels, 360 Degree Wheeling Luggage, Suitcase for Travel, Trolley Bags for Travel, Deep Forrest",Dharmender Tiwari,N/A,N/A,,Reviewed in India on 20 April 2026,https://www.amazon.in/Safari-Trolley-Polypropylene-Wheeling-Suitcase/dp/B0FLYFYT23/ref=sr_1_8?sr=8-8
"Safari Genius Alley Set of 3 (Cabin + Medium + Large) Trolley Bags Hard Case Polypropylene, 4 Wheels, 360 Degree Wheeling Luggage, Suitcase for Travel, Trolley Bags for Travel, Deep Forrest",Excellent,N/A,N/A,,Reviewed in India on 28 April 2026,https://www.amazon.in/Safari-Trolley-Polypropylene-Wheeling-Suitcase/dp/B0FLYFYT23/ref=sr_1_8?sr=8-8
"Safari Genius Alley Set of 3 (Cabin + Medium + Large) Trolley Bags Hard Case Polypropylene, 4 Wheels, 360 Degree Wheeling Luggage, Suitcase for Travel, Trolley Bags for Travel, Deep Forrest",Ramakrishna gutam,N/A,N/A,,Reviewed in India on 28 April 2026,https://www.amazon.in/Safari-Trolley-Polypropylene-Wheeling-Suitcase/dp/B0FLYFYT23/ref=sr_1_8?sr=8-8
"Safari Genius Alley Set of 3 (Cabin + Medium + Large) Trolley Bags Hard Case Polypropylene, 4 Wheels, 360 Degree Wheeling Luggage, Suitcase for Travel, Trolley Bags for Travel, Deep Forrest",AishS,N/A,N/A,,Reviewed in India on 19 March 2026,https://www.amazon.in/Safari-Trolley-Polypropylene-Wheeling-Suitcase/dp/B0FLYFYT23/ref=sr_1_8?sr=8-8
"Safari Genius Alley Set of 3 (Cabin + Medium + Large) Trolley Bags Hard Case Polypropylene, 4 Wheels, 360 Degree Wheeling Luggage, Suitcase for Travel, Trolley Bags for Travel, Deep Forrest",Nimish Singhal,N/A,N/A,,Reviewed in India on 23 March 2026,https://www.amazon.in/Safari-Trolley-Polypropylene-Wheeling-Suitcase/dp/B0FLYFYT23/ref=sr_1_8?sr=8-8
"Safari Genius Alley Set of 3 (Cabin + Medium + Large) Trolley Bags Hard Case Polypropylene, 4 Wheels, 360 Degree Wheeling Luggage, Suitcase for Travel, Trolley Bags for Travel, Deep Forrest",KAVIGANESH.E,N/A,N/A,,Reviewed in India on 13 April 2026,https://www.amazon.in/Safari-Trolley-Polypropylene-Wheeling-Suitcase/dp/B0FLYFYT23/ref=sr_1_8?sr=8-8
"Safari Genius Alley Set of 3 (Cabin + Medium + Large) Trolley Bags Hard Case Polypropylene, 4 Wheels, 360 Degree Wheeling Luggage, Suitcase for Travel, Trolley Bags for Travel, Deep Forrest",Pardeep Mandora,N/A,N/A,,Reviewed in India on 17 April 2026,https://www.amazon.in/Safari-Trolley-Polypropylene-Wheeling-Suitcase/dp/B0FLYFYT23/ref=sr_1_8?sr=8-8
"Safari Genius Alley Set of 3 (Cabin + Medium + Large) Trolley Bags Hard Case Polypropylene, 4 Wheels, 360 Degree Wheeling Luggage, Suitcase for Travel, Trolley Bags for Travel, Deep Forrest",Lucky Yadav,N/A,N/A,,Reviewed in India on 12 April 2026,https://www.amazon.in/Safari-Trolley-Polypropylene-Wheeling-Suitcase/dp/B0FLYFYT23/ref=sr_1_8?sr=8-8
"Safari Cabin Polycarbonate Spinner Thorium Neo 8 Wheels 55Cm Size Trolley Bag, Hard Case, 360º Wheeling Carry-On Luggage for Men & Women, Travel Bag, Suitcase for Travel, Dusk Green",Damini,Sturdy and Durable ❤️,"Too good ! Sturdy ! And truly durable.. it's been years since I bought this and It's still going good, I have used it for all sorts of travel, airways, railways, travels etc but still I never found it out to be damaged by anything. Just scratches on body but that can be prevented if you use cover, I did not so the scratches were obvious but over all worth the money. Go for it !!",,Reviewed in India on 18 April 2026,https://www.amazon.in/Safari-Polycarbonate-Spinner-Wheeling-Suitcase/dp/B097BH9MD5/ref=sxin_14_pa_sp_search_thematic_sspa
"Safari Cabin Polycarbonate Spinner Thorium Neo 8 Wheels 55Cm Size Trolley Bag, Hard Case, 360º Wheeling Carry-On Luggage for Men & Women, Travel Bag, Suitcase for Travel, Dusk Green",Devendra Sharma,Affordable,Nice durable,,Reviewed in India on 19 April 2026,https://www.amazon.in/Safari-Polycarbonate-Spinner-Wheeling-Suitcase/dp/B097BH9MD5/ref=sxin_14_pa_sp_search_thematic_sspa
"Safari Cabin Polycarbonate Spinner Thorium Neo 8 Wheels 55Cm Size Trolley Bag, Hard Case, 360º Wheeling Carry-On Luggage for Men & Women, Travel Bag, Suitcase for Travel, Dusk Green",Vineet Kumar,Safari Thorium Neo 8 wheels review.,I bought this Trally beg in 1999. It's build quality is best and looking good. Wheels are good. But handle should be stronger more. It's looks like it will be break but working properly. Size is good but it should be long no width. Product is Best.,,Reviewed in India on 16 April 2026,https://www.amazon.in/Safari-Polycarbonate-Spinner-Wheeling-Suitcase/dp/B097BH9MD5/ref=sxin_14_pa_sp_search_thematic_sspa
"Safari Cabin Polycarbonate Spinner Thorium Neo 8 Wheels 55Cm Size Trolley Bag, Hard Case, 360º Wheeling Carry-On Luggage for Men & Women, Travel Bag, Suitcase for Travel, Dusk Green",Kiran R.,Product is good,"Good product, easy to carry but not scratch resistant 🥲 size is also okay for one person's travelling",,Reviewed in India on 24 April 2026,https://www.amazon.in/Safari-Polycarbonate-Spinner-Wheeling-Suitcase/dp/B097BH9MD5/ref=sxin_14_pa_sp_search_thematic_sspa
"Safari Cabin Polycarbonate Spinner Thorium Neo 8 Wheels 55Cm Size Trolley Bag, Hard Case, 360º Wheeling Carry-On Luggage for Men & Women, Travel Bag, Suitcase for Travel, Dusk Green",Mrinal,Good design but Average product for its price,"Writing review after 1 year of purchase

Positives:
- good quality
- Good color
- good space
- good for cabin bags
- wheels are nice
- rolls nicely
- light weight
- handle quality is good but design and switch is not

Negatives:
- expensive for its design and quality
- not balanced properly(design is flawed)
- fell down easily
- handle and extended handle is not sturdy
- extended handle causes problem(started after 2 months)
- handle switch is not of good quality

For this price, I would expect something better.
Read more",,Reviewed in India on 16 November 2025,https://www.amazon.in/Safari-Polycarbonate-Spinner-Wheeling-Suitcase/dp/B097BH9MD5/ref=sxin_14_pa_sp_search_thematic_sspa
"Safari Cabin Polycarbonate Spinner Thorium Neo 8 Wheels 55Cm Size Trolley Bag, Hard Case, 360º Wheeling Carry-On Luggage for Men & Women, Travel Bag, Suitcase for Travel, Dusk Green",Shiv Shankar Dinda,Strong and best 💪,Nice coller and look,,Reviewed in India on 25 April 2026,https://www.amazon.in/Safari-Polycarbonate-Spinner-Wheeling-Suitcase/dp/B097BH9MD5/ref=sxin_14_pa_sp_search_thematic_sspa
"Safari Cabin Polycarbonate Spinner Thorium Neo 8 Wheels 55Cm Size Trolley Bag, Hard Case, 360º Wheeling Carry-On Luggage for Men & Women, Travel Bag, Suitcase for Travel, Dusk Green",ASHRAF M D,Nice product,"I'm always satisfied with Safari products. This time also I'm satisfied, product is same as shown in the picture, same colour,same size ,well packed and delivered on time by Amazon..",,Reviewed in India on 5 April 2026,https://www.amazon.in/Safari-Polycarbonate-Spinner-Wheeling-Suitcase/dp/B097BH9MD5/ref=sxin_14_pa_sp_search_thematic_sspa
"Safari Cabin Polycarbonate Spinner Thorium Neo 8 Wheels 55Cm Size Trolley Bag, Hard Case, 360º Wheeling Carry-On Luggage for Men & Women, Travel Bag, Suitcase for Travel, Dusk Green",Abcd,Replacement with better one.waiting for your reply.,"Can we replace the item better to this one, quality is not satisfactory. So we want to replate sturdy one, so plz co-op erate the necessary.",,Reviewed in India on 27 April 2026,https://www.amazon.in/Safari-Polycarbonate-Spinner-Wheeling-Suitcase/dp/B097BH9MD5/ref=sxin_14_pa_sp_search_thematic_sspa
"Safari Pentagon Pro 8 Wheels Spinner Cabin Trolley Bag Polypropylene Hard Case, 360° Wheeling Carry on Luggage for Men & Women, Suitcase for Travel, Black, 55 cm",Mohammad Muzammil,Value of money.. good product,Nyc product value of money 😁,,Reviewed in India on 28 April 2026,https://www.amazon.in/Safari-Pentagon-Polypropylene-Wheeling-Suitcase/dp/B097BH338H/ref=sxin_14_pa_sp_search_thematic_sspa
"Safari Pentagon Pro 8 Wheels Spinner Cabin Trolley Bag Polypropylene Hard Case, 360° Wheeling Carry on Luggage for Men & Women, Suitcase for Travel, Black, 55 cm",Priyanshu Jha,"Sturdy, Stylish & Value for Money","The bag quality is really good and feels sturdy. The outer shell is strong, the design looks premium, and the wheels move smoothly overall. Size and storage are perfect for travel, and the finish is neat and classy.

The only reason for giving 4 stars instead of 5 is that there are minor scratches on the wheels, likely due to handling or drop point during delivery. It doesn’t affect functionality at all, but worth mentioning.

Overall, a great product at this price, durable and worth buying. Highly recommended for frequent travellers.",,Reviewed in India on 21 January 2026,https://www.amazon.in/Safari-Pentagon-Polypropylene-Wheeling-Suitcase/dp/B097BH338H/ref=sxin_14_pa_sp_search_thematic_sspa
"Safari Pentagon Pro 8 Wheels Spinner Cabin Trolley Bag Polypropylene Hard Case, 360° Wheeling Carry on Luggage for Men & Women, Suitcase for Travel, Black, 55 cm",Gitika R.,"The big one may get some scratches, I think because of shipping, otherwise everything is top notch",Quality seems nice 👍🏻,,Reviewed in India on 28 April 2026,https://www.amazon.in/Safari-Pentagon-Polypropylene-Wheeling-Suitcase/dp/B097BH338H/ref=sxin_14_pa_sp_search_thematic_sspa
"Safari Pentagon Pro 8 Wheels Spinner Cabin Trolley Bag Polypropylene Hard Case, 360° Wheeling Carry on Luggage for Men & Women, Suitcase for Travel, Black, 55 cm",Punith .D,Quality is good.,"It's really very good and worth the money, also the key to zip is 000 , and that is given inside the bag, how can one see it without opening it , so please give it outside the bag.",,Reviewed in India on 7 April 2026,https://www.amazon.in/Safari-Pentagon-Polypropylene-Wheeling-Suitcase/dp/B097BH338H/ref=sxin_14_pa_sp_search_thematic_sspa
"Safari Pentagon Pro 8 Wheels Spinner Cabin Trolley Bag Polypropylene Hard Case, 360° Wheeling Carry on Luggage for Men & Women, Suitcase for Travel, Black, 55 cm",Dheeraj kumar shukla,Wheel quality issue,Quality of product is good however i am not satisfied with the wheel quality and handle is also not strong enough,,Reviewed in India on 21 April 2026,https://www.amazon.in/Safari-Pentagon-Polypropylene-Wheeling-Suitcase/dp/B097BH338H/ref=sxin_14_pa_sp_search_thematic_sspa
"Safari Pentagon Pro 8 Wheels Spinner Cabin Trolley Bag Polypropylene Hard Case, 360° Wheeling Carry on Luggage for Men & Women, Suitcase for Travel, Black, 55 cm",Amar,"Volum is good, Chain can be better.","I have 4 year old 2 AT bags, the chain of which is still very smooth and perfectly working. On contrary safari chain has poor quality. Plastic body easily got scratched. Size is good so fits more stuffs that AT in same size category.",,Reviewed in India on 18 April 2026,https://www.amazon.in/Safari-Pentagon-Polypropylene-Wheeling-Suitcase/dp/B097BH338H/ref=sxin_14_pa_sp_search_thematic_sspa
"Safari Pentagon Pro 8 Wheels Spinner Cabin Trolley Bag Polypropylene Hard Case, 360° Wheeling Carry on Luggage for Men & Women, Suitcase for Travel, Black, 55 cm",Swetha,Value for money,"I’ve got the trolley for 1700, and it’s a great deal to have the trolley in the vanity. Great stutdy suitcase.",,Reviewed in India on 14 April 2026,https://www.amazon.in/Safari-Pentagon-Polypropylene-Wheeling-Suitcase/dp/B097BH338H/ref=sxin_14_pa_sp_search_thematic_sspa
"Safari Pentagon Pro 8 Wheels Spinner Cabin Trolley Bag Polypropylene Hard Case, 360° Wheeling Carry on Luggage for Men & Women, Suitcase for Travel, Black, 55 cm",sindhu,Good but lock is little troublesome,So far it was good. But on my recent trip to tirupati the lock didn't open i had to try some youtube hack and open it.,,Reviewed in India on 8 March 2026,https://www.amazon.in/Safari-Pentagon-Polypropylene-Wheeling-Suitcase/dp/B097BH338H/ref=sxin_14_pa_sp_search_thematic_sspa
"Safari Pentagon Pro 8 Wheels 55cm Cabin Size Trolley Bag, Hard Case Polypropylene, 360º Wheeling Small Carry-on Luggage, Suitcase for Travel, Trolley Bags for Travel, Luxury Beige",Mohammad Muzammil,N/A,N/A,,Reviewed in India on 28 April 2026,https://www.amazon.in/Safari-Pentagon-Polypropylene-Wheeling-Suitcase/dp/B097GSSCLC/ref=sr_1_11?sr=8-11
"Safari Pentagon Pro 8 Wheels 55cm Cabin Size Trolley Bag, Hard Case Polypropylene, 360º Wheeling Small Carry-on Luggage, Suitcase for Travel, Trolley Bags for Travel, Luxury Beige",Priyanshu Jha,N/A,N/A,,Reviewed in India on 21 January 2026,https://www.amazon.in/Safari-Pentagon-Polypropylene-Wheeling-Suitcase/dp/B097GSSCLC/ref=sr_1_11?sr=8-11
"Safari Pentagon Pro 8 Wheels 55cm Cabin Size Trolley Bag, Hard Case Polypropylene, 360º Wheeling Small Carry-on Luggage, Suitcase for Travel, Trolley Bags for Travel, Luxury Beige",Gitika R.,N/A,N/A,,Reviewed in India on 28 April 2026,https://www.amazon.in/Safari-Pentagon-Polypropylene-Wheeling-Suitcase/dp/B097GSSCLC/ref=sr_1_11?sr=8-11
"Safari Pentagon Pro 8 Wheels 55cm Cabin Size Trolley Bag, Hard Case Polypropylene, 360º Wheeling Small Carry-on Luggage, Suitcase for Travel, Trolley Bags for Travel, Luxury Beige",Punith .D,N/A,N/A,,Reviewed in India on 7 April 2026,https://www.amazon.in/Safari-Pentagon-Polypropylene-Wheeling-Suitcase/dp/B097GSSCLC/ref=sr_1_11?sr=8-11
"Safari Pentagon Pro 8 Wheels 55cm Cabin Size Trolley Bag, Hard Case Polypropylene, 360º Wheeling Small Carry-on Luggage, Suitcase for Travel, Trolley Bags for Travel, Luxury Beige",Dheeraj kumar shukla,N/A,N/A,,Reviewed in India on 21 April 2026,https://www.amazon.in/Safari-Pentagon-Polypropylene-Wheeling-Suitcase/dp/B097GSSCLC/ref=sr_1_11?sr=8-11
"Safari Pentagon Pro 8 Wheels 55cm Cabin Size Trolley Bag, Hard Case Polypropylene, 360º Wheeling Small Carry-on Luggage, Suitcase for Travel, Trolley Bags for Travel, Luxury Beige",Amar,N/A,N/A,,Reviewed in India on 18 April 2026,https://www.amazon.in/Safari-Pentagon-Polypropylene-Wheeling-Suitcase/dp/B097GSSCLC/ref=sr_1_11?sr=8-11
"Safari Pentagon Pro 8 Wheels 55cm Cabin Size Trolley Bag, Hard Case Polypropylene, 360º Wheeling Small Carry-on Luggage, Suitcase for Travel, Trolley Bags for Travel, Luxury Beige",Swetha,N/A,N/A,,Reviewed in India on 14 April 2026,https://www.amazon.in/Safari-Pentagon-Polypropylene-Wheeling-Suitcase/dp/B097GSSCLC/ref=sr_1_11?sr=8-11
"Safari Pentagon Pro 8 Wheels 55cm Cabin Size Trolley Bag, Hard Case Polypropylene, 360º Wheeling Small Carry-on Luggage, Suitcase for Travel, Trolley Bags for Travel, Luxury Beige",sindhu,N/A,N/A,,Reviewed in India on 8 March 2026,https://www.amazon.in/Safari-Pentagon-Polypropylene-Wheeling-Suitcase/dp/B097GSSCLC/ref=sr_1_11?sr=8-11
"Safari Polypropylene Spinner Pentagon Pro 8 Wheels Set Of 3 (Cabin + Medium + Large) Trolley Bags, Hard Case, 360º Wheeling Luggage, Suitcase For Travel, Navy, 55, 65, 75 cm",Mohammad Muzammil,N/A,N/A,,Reviewed in India on 28 April 2026,https://www.amazon.in/Safari-Pentagon-Polypropylene-Wheeling-Suitcase/dp/B097BFTPVH/ref=sr_1_12?sr=8-12
"Safari Polypropylene Spinner Pentagon Pro 8 Wheels Set Of 3 (Cabin + Medium + Large) Trolley Bags, Hard Case, 360º Wheeling Luggage, Suitcase For Travel, Navy, 55, 65, 75 cm",Priyanshu Jha,N/A,N/A,,Reviewed in India on 21 January 2026,https://www.amazon.in/Safari-Pentagon-Polypropylene-Wheeling-Suitcase/dp/B097BFTPVH/ref=sr_1_12?sr=8-12
"Safari Polypropylene Spinner Pentagon Pro 8 Wheels Set Of 3 (Cabin + Medium + Large) Trolley Bags, Hard Case, 360º Wheeling Luggage, Suitcase For Travel, Navy, 55, 65, 75 cm",Gitika R.,N/A,N/A,,Reviewed in India on 28 April 2026,https://www.amazon.in/Safari-Pentagon-Polypropylene-Wheeling-Suitcase/dp/B097BFTPVH/ref=sr_1_12?sr=8-12
"Safari Polypropylene Spinner Pentagon Pro 8 Wheels Set Of 3 (Cabin + Medium + Large) Trolley Bags, Hard Case, 360º Wheeling Luggage, Suitcase For Travel, Navy, 55, 65, 75 cm",Punith .D,N/A,N/A,,Reviewed in India on 7 April 2026,https://www.amazon.in/Safari-Pentagon-Polypropylene-Wheeling-Suitcase/dp/B097BFTPVH/ref=sr_1_12?sr=8-12
"Safari Polypropylene Spinner Pentagon Pro 8 Wheels Set Of 3 (Cabin + Medium + Large) Trolley Bags, Hard Case, 360º Wheeling Luggage, Suitcase For Travel, Navy, 55, 65, 75 cm",Dheeraj kumar shukla,N/A,N/A,,Reviewed in India on 21 April 2026,https://www.amazon.in/Safari-Pentagon-Polypropylene-Wheeling-Suitcase/dp/B097BFTPVH/ref=sr_1_12?sr=8-12
"Safari Polypropylene Spinner Pentagon Pro 8 Wheels Set Of 3 (Cabin + Medium + Large) Trolley Bags, Hard Case, 360º Wheeling Luggage, Suitcase For Travel, Navy, 55, 65, 75 cm",Amar,N/A,N/A,,Reviewed in India on 18 April 2026,https://www.amazon.in/Safari-Pentagon-Polypropylene-Wheeling-Suitcase/dp/B097BFTPVH/ref=sr_1_12?sr=8-12
"Safari Polypropylene Spinner Pentagon Pro 8 Wheels Set Of 3 (Cabin + Medium + Large) Trolley Bags, Hard Case, 360º Wheeling Luggage, Suitcase For Travel, Navy, 55, 65, 75 cm",Swetha,N/A,N/A,,Reviewed in India on 14 April 2026,https://www.amazon.in/Safari-Pentagon-Polypropylene-Wheeling-Suitcase/dp/B097BFTPVH/ref=sr_1_12?sr=8-12
"Safari Polypropylene Spinner Pentagon Pro 8 Wheels Set Of 3 (Cabin + Medium + Large) Trolley Bags, Hard Case, 360º Wheeling Luggage, Suitcase For Travel, Navy, 55, 65, 75 cm",sindhu,N/A,N/A,,Reviewed in India on 8 March 2026,https://www.amazon.in/Safari-Pentagon-Polypropylene-Wheeling-Suitcase/dp/B097BFTPVH/ref=sr_1_12?sr=8-12
"Safari Medium Genius Alley 66cm Size Check-in Trolley Bag Hard Case Polypropylene, 4 Spinner Wheels, 360 Degree Wheeling Luggage, Travel Bag, Suitcase for Travel, Trolley Bags for Travel, Black",Dharmender Tiwari,N/A,N/A,,Reviewed in India on 20 April 2026,https://www.amazon.in/Safari-Trolley-Polypropylene-Wheeling-Suitcase/dp/B0F67L3Y72/ref=sr_1_13?sr=8-13
"Safari Medium Genius Alley 66cm Size Check-in Trolley Bag Hard Case Polypropylene, 4 Spinner Wheels, 360 Degree Wheeling Luggage, Travel Bag, Suitcase for Travel, Trolley Bags for Travel, Black",Excellent,N/A,N/A,,Reviewed in India on 28 April 2026,https://www.amazon.in/Safari-Trolley-Polypropylene-Wheeling-Suitcase/dp/B0F67L3Y72/ref=sr_1_13?sr=8-13
"Safari Medium Genius Alley 66cm Size Check-in Trolley Bag Hard Case Polypropylene, 4 Spinner Wheels, 360 Degree Wheeling Luggage, Travel Bag, Suitcase for Travel, Trolley Bags for Travel, Black",Ramakrishna gutam,N/A,N/A,,Reviewed in India on 28 April 2026,https://www.amazon.in/Safari-Trolley-Polypropylene-Wheeling-Suitcase/dp/B0F67L3Y72/ref=sr_1_13?sr=8-13
"Safari Medium Genius Alley 66cm Size Check-in Trolley Bag Hard Case Polypropylene, 4 Spinner Wheels, 360 Degree Wheeling Luggage, Travel Bag, Suitcase for Travel, Trolley Bags for Travel, Black",AishS,N/A,N/A,,Reviewed in India on 19 March 2026,https://www.amazon.in/Safari-Trolley-Polypropylene-Wheeling-Suitcase/dp/B0F67L3Y72/ref=sr_1_13?sr=8-13
"Safari Medium Genius Alley 66cm Size Check-in Trolley Bag Hard Case Polypropylene, 4 Spinner Wheels, 360 Degree Wheeling Luggage, Travel Bag, Suitcase for Travel, Trolley Bags for Travel, Black",Nimish Singhal,N/A,N/A,,Reviewed in India on 23 March 2026,https://www.amazon.in/Safari-Trolley-Polypropylene-Wheeling-Suitcase/dp/B0F67L3Y72/ref=sr_1_13?sr=8-13
"Safari Medium Genius Alley 66cm Size Check-in Trolley Bag Hard Case Polypropylene, 4 Spinner Wheels, 360 Degree Wheeling Luggage, Travel Bag, Suitcase for Travel, Trolley Bags for Travel, Black",KAVIGANESH.E,N/A,N/A,,Reviewed in India on 13 April 2026,https://www.amazon.in/Safari-Trolley-Polypropylene-Wheeling-Suitcase/dp/B0F67L3Y72/ref=sr_1_13?sr=8-13
"Safari Medium Genius Alley 66cm Size Check-in Trolley Bag Hard Case Polypropylene, 4 Spinner Wheels, 360 Degree Wheeling Luggage, Travel Bag, Suitcase for Travel, Trolley Bags for Travel, Black",Pardeep Mandora,N/A,N/A,,Reviewed in India on 17 April 2026,https://www.amazon.in/Safari-Trolley-Polypropylene-Wheeling-Suitcase/dp/B0F67L3Y72/ref=sr_1_13?sr=8-13
"Safari Medium Genius Alley 66cm Size Check-in Trolley Bag Hard Case Polypropylene, 4 Spinner Wheels, 360 Degree Wheeling Luggage, Travel Bag, Suitcase for Travel, Trolley Bags for Travel, Black",Lucky Yadav,N/A,N/A,,Reviewed in India on 12 April 2026,https://www.amazon.in/Safari-Trolley-Polypropylene-Wheeling-Suitcase/dp/B0F67L3Y72/ref=sr_1_13?sr=8-13
"Safari Pentagon Pro 8 Wheels Set of 3 (Cabin + Medium + Large) Trolley Bags, Hard Case Polypropylene, 360º Wheeling Luggage, Suitcase for Travel, Cyan, Spinner Wheels",Mohammad Muzammil,Value of money.. good product,Nyc product value of money 😁,,Reviewed in India on 28 April 2026,https://www.amazon.in/Safari-Pentagon-Polypropylene-Wheeling-Suitcase/dp/B097BDYZ26/ref=sr_1_10?sr=8-10
"Safari Pentagon Pro 8 Wheels Set of 3 (Cabin + Medium + Large) Trolley Bags, Hard Case Polypropylene, 360º Wheeling Luggage, Suitcase for Travel, Cyan, Spinner Wheels",Priyanshu Jha,"Sturdy, Stylish & Value for Money","The bag quality is really good and feels sturdy. The outer shell is strong, the design looks premium, and the wheels move smoothly overall. Size and storage are perfect for travel, and the finish is neat and classy.

The only reason for giving 4 stars instead of 5 is that there are minor scratches on the wheels, likely due to handling or drop point during delivery. It doesn’t affect functionality at all, but worth mentioning.

Overall, a great product at this price, durable and worth buying. Highly recommended for frequent travellers.",,Reviewed in India on 21 January 2026,https://www.amazon.in/Safari-Pentagon-Polypropylene-Wheeling-Suitcase/dp/B097BDYZ26/ref=sr_1_10?sr=8-10
"Safari Pentagon Pro 8 Wheels Set of 3 (Cabin + Medium + Large) Trolley Bags, Hard Case Polypropylene, 360º Wheeling Luggage, Suitcase for Travel, Cyan, Spinner Wheels",Gitika R.,"The big one may get some scratches, I think because of shipping, otherwise everything is top notch",Quality seems nice 👍🏻,,Reviewed in India on 28 April 2026,https://www.amazon.in/Safari-Pentagon-Polypropylene-Wheeling-Suitcase/dp/B097BDYZ26/ref=sr_1_10?sr=8-10
"Safari Pentagon Pro 8 Wheels Set of 3 (Cabin + Medium + Large) Trolley Bags, Hard Case Polypropylene, 360º Wheeling Luggage, Suitcase for Travel, Cyan, Spinner Wheels",Punith .D,Quality is good.,"It's really very good and worth the money, also the key to zip is 000 , and that is given inside the bag, how can one see it without opening it , so please give it outside the bag.",,Reviewed in India on 7 April 2026,https://www.amazon.in/Safari-Pentagon-Polypropylene-Wheeling-Suitcase/dp/B097BDYZ26/ref=sr_1_10?sr=8-10
"Safari Pentagon Pro 8 Wheels Set of 3 (Cabin + Medium + Large) Trolley Bags, Hard Case Polypropylene, 360º Wheeling Luggage, Suitcase for Travel, Cyan, Spinner Wheels",Dheeraj kumar shukla,Wheel quality issue,Quality of product is good however i am not satisfied with the wheel quality and handle is also not strong enough,,Reviewed in India on 21 April 2026,https://www.amazon.in/Safari-Pentagon-Polypropylene-Wheeling-Suitcase/dp/B097BDYZ26/ref=sr_1_10?sr=8-10
"Safari Pentagon Pro 8 Wheels Set of 3 (Cabin + Medium + Large) Trolley Bags, Hard Case Polypropylene, 360º Wheeling Luggage, Suitcase for Travel, Cyan, Spinner Wheels",Amar,"Volum is good, Chain can be better.","I have 4 year old 2 AT bags, the chain of which is still very smooth and perfectly working. On contrary safari chain has poor quality. Plastic body easily got scratched. Size is good so fits more stuffs that AT in same size category.",,Reviewed in India on 18 April 2026,https://www.amazon.in/Safari-Pentagon-Polypropylene-Wheeling-Suitcase/dp/B097BDYZ26/ref=sr_1_10?sr=8-10
"Safari Pentagon Pro 8 Wheels Set of 3 (Cabin + Medium + Large) Trolley Bags, Hard Case Polypropylene, 360º Wheeling Luggage, Suitcase for Travel, Cyan, Spinner Wheels",Swetha,Value for money,"I’ve got the trolley for 1700, and it’s a great deal to have the trolley in the vanity. Great stutdy suitcase.",,Reviewed in India on 14 April 2026,https://www.amazon.in/Safari-Pentagon-Polypropylene-Wheeling-Suitcase/dp/B097BDYZ26/ref=sr_1_10?sr=8-10
"Safari Pentagon Pro 8 Wheels Set of 3 (Cabin + Medium + Large) Trolley Bags, Hard Case Polypropylene, 360º Wheeling Luggage, Suitcase for Travel, Cyan, Spinner Wheels",sindhu,Good but lock is little troublesome,So far it was good. But on my recent trip to tirupati the lock didn't open i had to try some youtube hack and open it.,,Reviewed in India on 8 March 2026,https://www.amazon.in/Safari-Pentagon-Polypropylene-Wheeling-Suitcase/dp/B097BDYZ26/ref=sr_1_10?sr=8-10
"Skybags Cabin Paratrip Hardshell Luggage (55 Cm) | Polypropylene Luggage 4 Wheel Inline Trolley Bag with 8 Wheels | Bumblebee | Unisex, Small, Yellow",Janvi,Very much satisfied product 😍😍,Very good quality product as it is very worth but little price should have decrease it .Colour was so pretty matching and well packed.👌✨✨💜💜4/5,,Reviewed in India on 8 March 2026,https://www.amazon.in/Skybags-Paratrip-Hardshell-Polypropylene-Bumblebee/dp/B0CPSSB4BN/ref=sr_1_6?sr=8-6
"Skybags Cabin Paratrip Hardshell Luggage (55 Cm) | Polypropylene Luggage 4 Wheel Inline Trolley Bag with 8 Wheels | Bumblebee | Unisex, Small, Yellow",Sowmiya,Looks good worth for money,Good product,,Reviewed in India on 3 April 2026,https://www.amazon.in/Skybags-Paratrip-Hardshell-Polypropylene-Bumblebee/dp/B0CPSSB4BN/ref=sr_1_6?sr=8-6
"Skybags Cabin Paratrip Hardshell Luggage (55 Cm) | Polypropylene Luggage 4 Wheel Inline Trolley Bag with 8 Wheels | Bumblebee | Unisex, Small, Yellow",furqan kaleem,Cool stroller,Very nice and easy to use...,,Reviewed in India on 20 March 2026,https://www.amazon.in/Skybags-Paratrip-Hardshell-Polypropylene-Bumblebee/dp/B0CPSSB4BN/ref=sr_1_6?sr=8-6
"Skybags Cabin Paratrip Hardshell Luggage (55 Cm) | Polypropylene Luggage 4 Wheel Inline Trolley Bag with 8 Wheels | Bumblebee | Unisex, Small, Yellow",Ramya Lijin,Quality Awesome,"Cute and handy, suitable for short trips, space shortage is the only drawback. Quality is perfect, good finishing and looks great.",,Reviewed in India on 12 December 2025,https://www.amazon.in/Skybags-Paratrip-Hardshell-Polypropylene-Bumblebee/dp/B0CPSSB4BN/ref=sr_1_6?sr=8-6
"Skybags Cabin Paratrip Hardshell Luggage (55 Cm) | Polypropylene Luggage 4 Wheel Inline Trolley Bag with 8 Wheels | Bumblebee | Unisex, Small, Yellow",Priya,Good,Good product,,Reviewed in India on 28 April 2026,https://www.amazon.in/Skybags-Paratrip-Hardshell-Polypropylene-Bumblebee/dp/B0CPSSB4BN/ref=sr_1_6?sr=8-6
"Skybags Cabin Paratrip Hardshell Luggage (55 Cm) | Polypropylene Luggage 4 Wheel Inline Trolley Bag with 8 Wheels | Bumblebee | Unisex, Small, Yellow",Radha V Gopal,Beautiful ❤️,It's beautiful... I loved it,,Reviewed in India on 7 February 2026,https://www.amazon.in/Skybags-Paratrip-Hardshell-Polypropylene-Bumblebee/dp/B0CPSSB4BN/ref=sr_1_6?sr=8-6
"Skybags Cabin Paratrip Hardshell Luggage (55 Cm) | Polypropylene Luggage 4 Wheel Inline Trolley Bag with 8 Wheels | Bumblebee | Unisex, Small, Yellow",Amazon Customer,So cute,"Very colorful and stylish trolley bag,, but the material is not very sturdy. Best for light travel.",,Reviewed in India on 6 March 2026,https://www.amazon.in/Skybags-Paratrip-Hardshell-Polypropylene-Bumblebee/dp/B0CPSSB4BN/ref=sr_1_6?sr=8-6
"Skybags Cabin Paratrip Hardshell Luggage (55 Cm) | Polypropylene Luggage 4 Wheel Inline Trolley Bag with 8 Wheels | Bumblebee | Unisex, Small, Yellow",Selvamani,Bad product,"Bad quality, don't go for it.",,Reviewed in India on 19 April 2026,https://www.amazon.in/Skybags-Paratrip-Hardshell-Polypropylene-Bumblebee/dp/B0CPSSB4BN/ref=sr_1_6?sr=8-6
"Skybags Splash Trolley Bag 55, 65 & 75cm | Cabin, Check-in | Printed Hard Luggage | Smooth 8-Wheel Suitcase | Combination Lock with Sturdy Zipper | 5 Years International Warranty - Unisex",Devesh Shukla,Quality and durable product,Good quality and durabiliy,,Reviewed in India on 20 July 2025,https://www.amazon.in/Skybags-Suitcase-Combination-International-Warranty/dp/B0G6DKGRC7/ref=sr_1_7?sr=8-7&psc=1
"Skybags Splash Trolley Bag 55, 65 & 75cm | Cabin, Check-in | Printed Hard Luggage | Smooth 8-Wheel Suitcase | Combination Lock with Sturdy Zipper | 5 Years International Warranty - Unisex",Sujeer Advocate Ponnani,Good,Good,,Reviewed in India on 2 January 2026,https://www.amazon.in/Skybags-Suitcase-Combination-International-Warranty/dp/B0G6DKGRC7/ref=sr_1_7?sr=8-7&psc=1
"Skybags Splash Trolley Bag 55, 65 & 75cm | Cabin, Check-in | Printed Hard Luggage | Smooth 8-Wheel Suitcase | Combination Lock with Sturdy Zipper | 5 Years International Warranty - Unisex",Amazon Customer,Longer life,After 1 years used its good quality,,Reviewed in India on 27 April 2026,https://www.amazon.in/Skybags-Suitcase-Combination-International-Warranty/dp/B0G6DKGRC7/ref=sr_1_7?sr=8-7&psc=1
"Skybags Splash Trolley Bag 55, 65 & 75cm | Cabin, Check-in | Printed Hard Luggage | Smooth 8-Wheel Suitcase | Combination Lock with Sturdy Zipper | 5 Years International Warranty - Unisex",Leo annu thakur,Satisfied,Very nice product received zipper quality superb scratch resistant and good for one week travelling,,Reviewed in India on 5 May 2025,https://www.amazon.in/Skybags-Suitcase-Combination-International-Warranty/dp/B0G6DKGRC7/ref=sr_1_7?sr=8-7&psc=1
"Skybags Splash Trolley Bag 55, 65 & 75cm | Cabin, Check-in | Printed Hard Luggage | Smooth 8-Wheel Suitcase | Combination Lock with Sturdy Zipper | 5 Years International Warranty - Unisex",Anudrutta,Definitely worth the price!,"It's lightweight. Can easily carry two weeks of clothes (and I'm talking about woolens, jackets, camera, toiletries and what not). Wheels are super smooth and a different color to easily spot from the baggage counter.

The handles are strong; and the zip works perfectly fine (take it from someone who used it for three weeks continuously).

Outer cover is tough, i.e. won't get dented or scratched easily; but picks up grease. So will have to clean.

It's small - so would recommend for folks who like to travel reasonably light.",,Reviewed in India on 15 January 2022,https://www.amazon.in/Skybags-Suitcase-Combination-International-Warranty/dp/B0G6DKGRC7/ref=sr_1_7?sr=8-7&psc=1
"Skybags Splash Trolley Bag 55, 65 & 75cm | Cabin, Check-in | Printed Hard Luggage | Smooth 8-Wheel Suitcase | Combination Lock with Sturdy Zipper | 5 Years International Warranty - Unisex",Customer..,Nice product,"Good quality and received in good condition, spacious, sturdy and easy to carry.",,Reviewed in India on 21 May 2024,https://www.amazon.in/Skybags-Suitcase-Combination-International-Warranty/dp/B0G6DKGRC7/ref=sr_1_7?sr=8-7&psc=1
"Skybags Splash Trolley Bag 55, 65 & 75cm | Cabin, Check-in | Printed Hard Luggage | Smooth 8-Wheel Suitcase | Combination Lock with Sturdy Zipper | 5 Years International Warranty - Unisex",Deepak kumar,Poor quality,This trolley bag quality is very poor I don't suggest any person to buy this trolley bag,,Reviewed in India on 7 October 2025,https://www.amazon.in/Skybags-Suitcase-Combination-International-Warranty/dp/B0G6DKGRC7/ref=sr_1_7?sr=8-7&psc=1
"Skybags Splash Trolley Bag 55, 65 & 75cm | Cabin, Check-in | Printed Hard Luggage | Smooth 8-Wheel Suitcase | Combination Lock with Sturdy Zipper | 5 Years International Warranty - Unisex",Krish,Nice look,Good,,Reviewed in India on 29 January 2026,https://www.amazon.in/Skybags-Suitcase-Combination-International-Warranty/dp/B0G6DKGRC7/ref=sr_1_7?sr=8-7&psc=1
Skybags Cabin Paratrip Hard Luggage (55 cm) | Polypropylene Luggage Trolley with 8 Spinner Wheels| Purple Oppulence | Unisex,Janvi,Very much satisfied product 😍😍,Very good quality product as it is very worth but little price should have decrease it .Colour was so pretty matching and well packed.👌✨✨💜💜4/5,,Reviewed in India on 8 March 2026,https://www.amazon.in/Skybags-Paratrip-Luggage-Polypropylene-Oppulence/dp/B0CPSW5WJ5/ref=sr_1_8?sr=8-8
Skybags Cabin Paratrip Hard Luggage (55 cm) | Polypropylene Luggage Trolley with 8 Spinner Wheels| Purple Oppulence | Unisex,Sowmiya,Looks good worth for money,Good product,,Reviewed in India on 3 April 2026,https://www.amazon.in/Skybags-Paratrip-Luggage-Polypropylene-Oppulence/dp/B0CPSW5WJ5/ref=sr_1_8?sr=8-8
Skybags Cabin Paratrip Hard Luggage (55 cm) | Polypropylene Luggage Trolley with 8 Spinner Wheels| Purple Oppulence | Unisex,furqan kaleem,Cool stroller,Very nice and easy to use...,,Reviewed in India on 20 March 2026,https://www.amazon.in/Skybags-Paratrip-Luggage-Polypropylene-Oppulence/dp/B0CPSW5WJ5/ref=sr_1_8?sr=8-8
Skybags Cabin Paratrip Hard Luggage (55 cm) | Polypropylene Luggage Trolley with 8 Spinner Wheels| Purple Oppulence | Unisex,Ramya Lijin,Quality Awesome,"Cute and handy, suitable for short trips, space shortage is the only drawback. Quality is perfect, good finishing and looks great.",,Reviewed in India on 12 December 2025,https://www.amazon.in/Skybags-Paratrip-Luggage-Polypropylene-Oppulence/dp/B0CPSW5WJ5/ref=sr_1_8?sr=8-8
Skybags Cabin Paratrip Hard Luggage (55 cm) | Polypropylene Luggage Trolley with 8 Spinner Wheels| Purple Oppulence | Unisex,Priya,Good,Good product,,Reviewed in India on 28 April 2026,https://www.amazon.in/Skybags-Paratrip-Luggage-Polypropylene-Oppulence/dp/B0CPSW5WJ5/ref=sr_1_8?sr=8-8
Skybags Cabin Paratrip Hard Luggage (55 cm) | Polypropylene Luggage Trolley with 8 Spinner Wheels| Purple Oppulence | Unisex,Radha V Gopal,Beautiful ❤️,It's beautiful... I loved it,,Reviewed in India on 7 February 2026,https://www.amazon.in/Skybags-Paratrip-Luggage-Polypropylene-Oppulence/dp/B0CPSW5WJ5/ref=sr_1_8?sr=8-8
Skybags Cabin Paratrip Hard Luggage (55 cm) | Polypropylene Luggage Trolley with 8 Spinner Wheels| Purple Oppulence | Unisex,Amazon Customer,So cute,"Very colorful and stylish trolley bag,, but the material is not very sturdy. Best for light travel.",,Reviewed in India on 6 March 2026,https://www.amazon.in/Skybags-Paratrip-Luggage-Polypropylene-Oppulence/dp/B0CPSW5WJ5/ref=sr_1_8?sr=8-8
Skybags Cabin Paratrip Hard Luggage (55 cm) | Polypropylene Luggage Trolley with 8 Spinner Wheels| Purple Oppulence | Unisex,Selvamani,Bad product,"Bad quality, don't go for it.",,Reviewed in India on 19 April 2026,https://www.amazon.in/Skybags-Paratrip-Luggage-Polypropylene-Oppulence/dp/B0CPSW5WJ5/ref=sr_1_8?sr=8-8
"Skybags Cabin Trooper 55 Cms Small Abs Hardshellsided 4 Wheels Spinner Printed Luggage/Inline Suitcase/Trolley Back (Pale Green), Large",Aparna,good product,good product,,Reviewed in India on 16 April 2026,https://www.amazon.in/Skybags-Trooper-Hardsided-Spinner-Suitcase/dp/B0C8ZFXCB6/ref=sr_1_9?sr=8-9
"Skybags Cabin Trooper 55 Cms Small Abs Hardshellsided 4 Wheels Spinner Printed Luggage/Inline Suitcase/Trolley Back (Pale Green), Large",Pankaj,Good Product,Very sturdy product but faced problem with lock.,,Reviewed in India on 25 January 2026,https://www.amazon.in/Skybags-Trooper-Hardsided-Spinner-Suitcase/dp/B0C8ZFXCB6/ref=sr_1_9?sr=8-9
"Skybags Cabin Trooper 55 Cms Small Abs Hardshellsided 4 Wheels Spinner Printed Luggage/Inline Suitcase/Trolley Back (Pale Green), Large",Gopi Kishan srivastava,Best,"Perfect Fit & Design: Fits my top load washing machine perfectly — snug and secure without being too tight. The zipper openings make it easy to use the lid without removing the cover.
✅ High-Quality Material: Made of durable, thick fabric that feels premium. It’s waterproof and dustproof — ideal for protecting the machine from rain, dust, sun, and pollution.
✅ Easy to Clean: Just wipe with a damp cloth — no special care needed!
✅ Looks Great: The sleek and modern design blends well with my laundry area.
✅ Value for Money: Excellent quality at this price range — definitely worth it.",,Reviewed in India on 28 January 2026,https://www.amazon.in/Skybags-Trooper-Hardsided-Spinner-Suitcase/dp/B0C8ZFXCB6/ref=sr_1_9?sr=8-9
"Skybags Cabin Trooper 55 Cms Small Abs Hardshellsided 4 Wheels Spinner Printed Luggage/Inline Suitcase/Trolley Back (Pale Green), Large",BIKASH KUMAR ROUT,Good Product.,Good Product.,,Reviewed in India on 11 April 2026,https://www.amazon.in/Skybags-Trooper-Hardsided-Spinner-Suitcase/dp/B0C8ZFXCB6/ref=sr_1_9?sr=8-9
"Skybags Cabin Trooper 55 Cms Small Abs Hardshellsided 4 Wheels Spinner Printed Luggage/Inline Suitcase/Trolley Back (Pale Green), Large",OP MOHAN,Worst Product,Very thin plastic quality of product. Quality is so poor and price is high,,Reviewed in India on 23 April 2026,https://www.amazon.in/Skybags-Trooper-Hardsided-Spinner-Suitcase/dp/B0C8ZFXCB6/ref=sr_1_9?sr=8-9
"Skybags Cabin Trooper 55 Cms Small Abs Hardshellsided 4 Wheels Spinner Printed Luggage/Inline Suitcase/Trolley Back (Pale Green), Large",Anku,"Medium size is very spacious, near about 2 feet long without wheels and 1.5 feet wide","Colour nd look wise awsmm , material is bit flexible so no idea about durability, all over classy",,Reviewed in India on 2 April 2026,https://www.amazon.in/Skybags-Trooper-Hardsided-Spinner-Suitcase/dp/B0C8ZFXCB6/ref=sr_1_9?sr=8-9
"Skybags Cabin Trooper 55 Cms Small Abs Hardshellsided 4 Wheels Spinner Printed Luggage/Inline Suitcase/Trolley Back (Pale Green), Large",Vizayieto Zao,Bad quality plastic handle,Not upto expectations. The handle is not that good.,,Reviewed in India on 23 February 2026,https://www.amazon.in/Skybags-Trooper-Hardsided-Spinner-Suitcase/dp/B0C8ZFXCB6/ref=sr_1_9?sr=8-9
"Skybags Cabin Trooper 55 Cms Small Abs Hardshellsided 4 Wheels Spinner Printed Luggage/Inline Suitcase/Trolley Back (Pale Green), Large",Ananya Rahaman,Quality,Good,,Reviewed in India on 31 March 2026,https://www.amazon.in/Skybags-Trooper-Hardsided-Spinner-Suitcase/dp/B0C8ZFXCB6/ref=sr_1_9?sr=8-9
Skybags Lush Medium Size Hard Polycarbonate Polypropylene Spinner Luggage (81cm)|Printed Luggage Trolley with 8 Wheels and TSA Lock|Green-Blue|Unisex,Sonu rathore,N/A,N/A,,Reviewed in India on 8 April 2026,https://www.amazon.in/Skybags-Luggage-Printed-Trolley-Green-Blue/dp/B0FQ2X816Z/ref=sr_1_17?sr=8-17
Skybags Lush Medium Size Hard Polycarbonate Polypropylene Spinner Luggage (81cm)|Printed Luggage Trolley with 8 Wheels and TSA Lock|Green-Blue|Unisex,Neha roy,N/A,N/A,,Reviewed in India on 21 January 2026,https://www.amazon.in/Skybags-Luggage-Printed-Trolley-Green-Blue/dp/B0FQ2X816Z/ref=sr_1_17?sr=8-17
Skybags Lush Medium Size Hard Polycarbonate Polypropylene Spinner Luggage (81cm)|Printed Luggage Trolley with 8 Wheels and TSA Lock|Green-Blue|Unisex,Hema,N/A,N/A,,Reviewed in India on 12 March 2026,https://www.amazon.in/Skybags-Luggage-Printed-Trolley-Green-Blue/dp/B0FQ2X816Z/ref=sr_1_17?sr=8-17
Skybags Lush Medium Size Hard Polycarbonate Polypropylene Spinner Luggage (81cm)|Printed Luggage Trolley with 8 Wheels and TSA Lock|Green-Blue|Unisex,AMU,N/A,N/A,,Reviewed in India on 16 April 2026,https://www.amazon.in/Skybags-Luggage-Printed-Trolley-Green-Blue/dp/B0FQ2X816Z/ref=sr_1_17?sr=8-17
Skybags Lush Medium Size Hard Polycarbonate Polypropylene Spinner Luggage (81cm)|Printed Luggage Trolley with 8 Wheels and TSA Lock|Green-Blue|Unisex,Ajeet rana,N/A,N/A,,Reviewed in India on 17 April 2026,https://www.amazon.in/Skybags-Luggage-Printed-Trolley-Green-Blue/dp/B0FQ2X816Z/ref=sr_1_17?sr=8-17
Skybags Lush Medium Size Hard Polycarbonate Polypropylene Spinner Luggage (81cm)|Printed Luggage Trolley with 8 Wheels and TSA Lock|Green-Blue|Unisex,Suleman Khan,N/A,N/A,,Reviewed in India on 2 December 2025,https://www.amazon.in/Skybags-Luggage-Printed-Trolley-Green-Blue/dp/B0FQ2X816Z/ref=sr_1_17?sr=8-17
Skybags Lush Medium Size Hard Polycarbonate Polypropylene Spinner Luggage (81cm)|Printed Luggage Trolley with 8 Wheels and TSA Lock|Green-Blue|Unisex,Amazon Customer,N/A,N/A,,Reviewed in India on 24 April 2026,https://www.amazon.in/Skybags-Luggage-Printed-Trolley-Green-Blue/dp/B0FQ2X816Z/ref=sr_1_17?sr=8-17
Skybags Lush Medium Size Hard Polycarbonate Polypropylene Spinner Luggage (81cm)|Printed Luggage Trolley with 8 Wheels and TSA Lock|Green-Blue|Unisex,Akash,N/A,N/A,,Reviewed in India on 20 March 2026,https://www.amazon.in/Skybags-Luggage-Printed-Trolley-Green-Blue/dp/B0FQ2X816Z/ref=sr_1_17?sr=8-17
"American Tourister Cabin Trolley Bag for Travel | Upland Spinner 55 Cms Polypropylene Hardsided Small Luggage Bag | 4 Wheel Suitcase for Travel | Trolley Bag for Travelling, Black",leelasai thummalapalli,Quality is good but drag handle is little sensitive,Looks good worthit and also comes with water resistant for this trolly. Light weight. Design is good Matte feels occurs less scratchs.,,Reviewed in India on 16 January 2026,https://www.amazon.in/American-Tourister-Upland-Trolly-Black/dp/B07Z417Y94/ref=sr_1_5?sr=8-5
"American Tourister Cabin Trolley Bag for Travel | Upland Spinner 55 Cms Polypropylene Hardsided Small Luggage Bag | 4 Wheel Suitcase for Travel | Trolley Bag for Travelling, Black",Yash kadam,Good but not strong but okay,Good and stylish matte black colour but handle is little bit thin not feel strong otherwise product is good at this price range,,Reviewed in India on 12 March 2026,https://www.amazon.in/American-Tourister-Upland-Trolly-Black/dp/B07Z417Y94/ref=sr_1_5?sr=8-5
"American Tourister Cabin Trolley Bag for Travel | Upland Spinner 55 Cms Polypropylene Hardsided Small Luggage Bag | 4 Wheel Suitcase for Travel | Trolley Bag for Travelling, Black",Aruna Shankar,Great pick,"Very good, strong & sturdy .However colour didn't match like what was in the display. Definitely recommend",,Reviewed in India on 1 December 2025,https://www.amazon.in/American-Tourister-Upland-Trolly-Black/dp/B07Z417Y94/ref=sr_1_5?sr=8-5
"American Tourister Cabin Trolley Bag for Travel | Upland Spinner 55 Cms Polypropylene Hardsided Small Luggage Bag | 4 Wheel Suitcase for Travel | Trolley Bag for Travelling, Black",Aniket Padman,Good Product,Good product,,Reviewed in India on 2 January 2026,https://www.amazon.in/American-Tourister-Upland-Trolly-Black/dp/B07Z417Y94/ref=sr_1_5?sr=8-5
"American Tourister Cabin Trolley Bag for Travel | Upland Spinner 55 Cms Polypropylene Hardsided Small Luggage Bag | 4 Wheel Suitcase for Travel | Trolley Bag for Travelling, Black",Suresh Manne,A trusted brand with quality product,"I have a positive feedback on American Tourister trolleys, they are of good quality one, so is the price little higher side.",,Reviewed in India on 12 November 2025,https://www.amazon.in/American-Tourister-Upland-Trolly-Black/dp/B07Z417Y94/ref=sr_1_5?sr=8-5
"American Tourister Cabin Trolley Bag for Travel | Upland Spinner 55 Cms Polypropylene Hardsided Small Luggage Bag | 4 Wheel Suitcase for Travel | Trolley Bag for Travelling, Black",Shyam Sundar,Return is not done,The item was small and poor quality. Have immediately initiated return on the same day of delivery (18th mar 2026) but it is neither picked up nor money is refunded.,,Reviewed in India on 24 March 2026,https://www.amazon.in/American-Tourister-Upland-Trolly-Black/dp/B07Z417Y94/ref=sr_1_5?sr=8-5
"American Tourister Cabin Trolley Bag for Travel | Upland Spinner 55 Cms Polypropylene Hardsided Small Luggage Bag | 4 Wheel Suitcase for Travel | Trolley Bag for Travelling, Black",Ganesh,Overall,Good to go,,Reviewed in India on 4 March 2026,https://www.amazon.in/American-Tourister-Upland-Trolly-Black/dp/B07Z417Y94/ref=sr_1_5?sr=8-5
"American Tourister Cabin Trolley Bag for Travel | Upland Spinner 55 Cms Polypropylene Hardsided Small Luggage Bag | 4 Wheel Suitcase for Travel | Trolley Bag for Travelling, Black",Ankit,Okayish but has some issues,The handle is not fixed in place and is dangling. The zipper alignment is not sturdy. The build quality is good though and the capacity is great.,,Reviewed in India on 18 October 2025,https://www.amazon.in/American-Tourister-Upland-Trolly-Black/dp/B07Z417Y94/ref=sr_1_5?sr=8-5
American Tourister Jamaica 58CM Wine RED Soft Suitcase 4 Wheel (27O (0) 70 001),Madhu,N/A,N/A,,Reviewed in India on 21 April 2026,https://www.amazon.in/American-Tourister-27O-70-001/dp/B073XL1C3W/ref=sr_1_6?sr=8-6
American Tourister Jamaica 58CM Wine RED Soft Suitcase 4 Wheel (27O (0) 70 001),Surjeet Yadav,N/A,N/A,,Reviewed in India on 6 February 2026,https://www.amazon.in/American-Tourister-27O-70-001/dp/B073XL1C3W/ref=sr_1_6?sr=8-6
American Tourister Jamaica 58CM Wine RED Soft Suitcase 4 Wheel (27O (0) 70 001),VYSAKH,N/A,N/A,,Reviewed in India on 5 April 2026,https://www.amazon.in/American-Tourister-27O-70-001/dp/B073XL1C3W/ref=sr_1_6?sr=8-6
American Tourister Jamaica 58CM Wine RED Soft Suitcase 4 Wheel (27O (0) 70 001),Vikramadithyan P,N/A,N/A,,Reviewed in India on 15 February 2026,https://www.amazon.in/American-Tourister-27O-70-001/dp/B073XL1C3W/ref=sr_1_6?sr=8-6
American Tourister Jamaica 58CM Wine RED Soft Suitcase 4 Wheel (27O (0) 70 001),Saswat kumar dash,N/A,N/A,,Reviewed in India on 20 March 2026,https://www.amazon.in/American-Tourister-27O-70-001/dp/B073XL1C3W/ref=sr_1_6?sr=8-6
American Tourister Jamaica 58CM Wine RED Soft Suitcase 4 Wheel (27O (0) 70 001),Carol,N/A,N/A,,Reviewed in India on 23 March 2026,https://www.amazon.in/American-Tourister-27O-70-001/dp/B073XL1C3W/ref=sr_1_6?sr=8-6
American Tourister Jamaica 58CM Wine RED Soft Suitcase 4 Wheel (27O (0) 70 001),Amazon Customer,N/A,N/A,,Reviewed in India on 10 December 2025,https://www.amazon.in/American-Tourister-27O-70-001/dp/B073XL1C3W/ref=sr_1_6?sr=8-6
American Tourister Jamaica 58CM Wine RED Soft Suitcase 4 Wheel (27O (0) 70 001),krunal,N/A,N/A,,Reviewed in India on 29 November 2025,https://www.amazon.in/American-Tourister-27O-70-001/dp/B073XL1C3W/ref=sr_1_6?sr=8-6
American Tourister Ivy 2.0|Medium Size Check-in Spinner Trolley Bag (68 cm)|360° 8 Wheel Travel Luggage|Hard Case Polypropylene (PP) Suitcase|Combination Lock|Blue Frog,RV,Good product,"Wheel moves freely,Good storage, also travel friendly",,Reviewed in India on 18 April 2026,https://www.amazon.in/American-Tourister-Suitcase-Trolley-Combination/dp/B0F5HKFPWR/ref=sr_1_7?sr=8-7
American Tourister Ivy 2.0|Medium Size Check-in Spinner Trolley Bag (68 cm)|360° 8 Wheel Travel Luggage|Hard Case Polypropylene (PP) Suitcase|Combination Lock|Blue Frog,Sekh naim,Nice product,"These are topics other customers want to know more about. Feel free to include them, but they're optional.",,Reviewed in India on 17 April 2026,https://www.amazon.in/American-Tourister-Suitcase-Trolley-Combination/dp/B0F5HKFPWR/ref=sr_1_7?sr=8-7
American Tourister Ivy 2.0|Medium Size Check-in Spinner Trolley Bag (68 cm)|360° 8 Wheel Travel Luggage|Hard Case Polypropylene (PP) Suitcase|Combination Lock|Blue Frog,Mahiya Abdurrehman,Price affordable and sturdy,Very good,,Reviewed in India on 23 February 2026,https://www.amazon.in/American-Tourister-Suitcase-Trolley-Combination/dp/B0F5HKFPWR/ref=sr_1_7?sr=8-7
American Tourister Ivy 2.0|Medium Size Check-in Spinner Trolley Bag (68 cm)|360° 8 Wheel Travel Luggage|Hard Case Polypropylene (PP) Suitcase|Combination Lock|Blue Frog,Amazon Customer,Loved it,Beautiful colour and spacious and lightweight.,,Reviewed in India on 22 April 2026,https://www.amazon.in/American-Tourister-Suitcase-Trolley-Combination/dp/B0F5HKFPWR/ref=sr_1_7?sr=8-7
American Tourister Ivy 2.0|Medium Size Check-in Spinner Trolley Bag (68 cm)|360° 8 Wheel Travel Luggage|Hard Case Polypropylene (PP) Suitcase|Combination Lock|Blue Frog,Madhu,Disappointed with the American Tourister Trolley,"I recently purchased the American Tourister Ivy 78 Cms Large Check-in Polypropylene (PP) trolley, and I must say that I am thoroughly disappointed with its performance. Despite its promising features, this suitcase failed to meet my expectations in several key areas.

First and foremost, the build quality of this trolley is subpar. The polypropylene material used feels cheap and flimsy, making me question its durability. Within just a few uses, I noticed visible scratches and scuff marks on the surface, which is unacceptable for a product that is meant to endure the rigors of travel.

Furthermore, the wheels on this trolley are a major letdown. They lack smoothness and maneuverability, making it a struggle to navigate through crowded airports or uneven surfaces. The wheels frequently jammed and became stiff, adding unnecessary frustration to my travel experience. I expected better performance from a reputable brand like American Tourister.

Additionally, the handle mechanism was poorly designed. It felt flimsy and had a noticeable wobble, which made it uncomfortable to pull the trolley. I had concerns about its longevity and worried that it might break during my travels. A reliable handle is essential for a check-in suitcase, and the American Tourister Ivy failed to deliver in this aspect.

Lastly, the overall aesthetics of the trolley were uninspiring. The design lacked innovation and appeared outdated. For the price I paid, I expected a more stylish and modern look. It is disappointing when a product not only underperforms in terms of functionality but also fails to make a positive impression visually.

In conclusion, the American Tourister Ivy 78 Cms Large Check-in Polypropylene (PP) trolley fell short of my expectations. Its poor build quality, subpar wheels, flimsy handle, and unappealing aesthetics make it difficult for me to recommend this product. I regret my purchase and would advise potential buyers to explore other options before settling for this particular suitcase
Read more",,Reviewed in India on 18 July 2023,https://www.amazon.in/American-Tourister-Suitcase-Trolley-Combination/dp/B0F5HKFPWR/ref=sr_1_7?sr=8-7
American Tourister Ivy 2.0|Medium Size Check-in Spinner Trolley Bag (68 cm)|360° 8 Wheel Travel Luggage|Hard Case Polypropylene (PP) Suitcase|Combination Lock|Blue Frog,Inas N.,Perfectly fine,,,Reviewed in India on 25 March 2026,https://www.amazon.in/American-Tourister-Suitcase-Trolley-Combination/dp/B0F5HKFPWR/ref=sr_1_7?sr=8-7
American Tourister Ivy 2.0|Medium Size Check-in Spinner Trolley Bag (68 cm)|360° 8 Wheel Travel Luggage|Hard Case Polypropylene (PP) Suitcase|Combination Lock|Blue Frog,Niyaz Latheef,"Average quality, delicate handles, and ordinary packaging. Do not recommend","The bag looks below average, and I have some doubts about whether it is original because the finishing quality feels quite average. I haven’t used it for travel yet, so I can’t fully comment on durability, but the handles seem very delicate and I’m not sure how well they will hold heavy weight. The packaging was also just average, nothing special.",,Reviewed in India on 24 April 2026,https://www.amazon.in/American-Tourister-Suitcase-Trolley-Combination/dp/B0F5HKFPWR/ref=sr_1_7?sr=8-7
American Tourister Ivy 2.0|Medium Size Check-in Spinner Trolley Bag (68 cm)|360° 8 Wheel Travel Luggage|Hard Case Polypropylene (PP) Suitcase|Combination Lock|Blue Frog,Ashley Alexander,Suitcase large size,The product is good. I purchase large size and on the first look the material quality and zip quality seems good. I want to see how well it be good for scratches.,,Reviewed in India on 10 February 2026,https://www.amazon.in/American-Tourister-Suitcase-Trolley-Combination/dp/B0F5HKFPWR/ref=sr_1_7?sr=8-7
American Tourister Liftoff+|Large Size Check-in Spinner Trolley Bag (79 cm) for Travel|360° 8 Wheel Travel Luggage|Hard Case Polypropylene (PP) Suitcase|Mounted TSA Lock|Seafoam Blue,Sania,N/A,N/A,,Reviewed in India on 10 April 2026,https://www.amazon.in/American-Tourister-Liftoff-Suitcase-Trolley/dp/B0F5HLYQK3/ref=sr_1_9?sr=8-9
American Tourister Liftoff+|Large Size Check-in Spinner Trolley Bag (79 cm) for Travel|360° 8 Wheel Travel Luggage|Hard Case Polypropylene (PP) Suitcase|Mounted TSA Lock|Seafoam Blue,Premlata Tekriwal,N/A,N/A,,Reviewed in India on 13 April 2026,https://www.amazon.in/American-Tourister-Liftoff-Suitcase-Trolley/dp/B0F5HLYQK3/ref=sr_1_9?sr=8-9
American Tourister Liftoff+|Large Size Check-in Spinner Trolley Bag (79 cm) for Travel|360° 8 Wheel Travel Luggage|Hard Case Polypropylene (PP) Suitcase|Mounted TSA Lock|Seafoam Blue,Shailesh,N/A,N/A,,Reviewed in India on 3 April 2026,https://www.amazon.in/American-Tourister-Liftoff-Suitcase-Trolley/dp/B0F5HLYQK3/ref=sr_1_9?sr=8-9
American Tourister Liftoff+|Large Size Check-in Spinner Trolley Bag (79 cm) for Travel|360° 8 Wheel Travel Luggage|Hard Case Polypropylene (PP) Suitcase|Mounted TSA Lock|Seafoam Blue,Swapnanil kar,N/A,N/A,,Reviewed in India on 6 March 2026,https://www.amazon.in/American-Tourister-Liftoff-Suitcase-Trolley/dp/B0F5HLYQK3/ref=sr_1_9?sr=8-9
American Tourister Liftoff+|Large Size Check-in Spinner Trolley Bag (79 cm) for Travel|360° 8 Wheel Travel Luggage|Hard Case Polypropylene (PP) Suitcase|Mounted TSA Lock|Seafoam Blue,Buyer,N/A,N/A,,Reviewed in India on 14 April 2026,https://www.amazon.in/American-Tourister-Liftoff-Suitcase-Trolley/dp/B0F5HLYQK3/ref=sr_1_9?sr=8-9
American Tourister Liftoff+|Large Size Check-in Spinner Trolley Bag (79 cm) for Travel|360° 8 Wheel Travel Luggage|Hard Case Polypropylene (PP) Suitcase|Mounted TSA Lock|Seafoam Blue,Prateek Dutta,N/A,N/A,,Reviewed in India on 23 March 2026,https://www.amazon.in/American-Tourister-Liftoff-Suitcase-Trolley/dp/B0F5HLYQK3/ref=sr_1_9?sr=8-9
American Tourister Liftoff+|Large Size Check-in Spinner Trolley Bag (79 cm) for Travel|360° 8 Wheel Travel Luggage|Hard Case Polypropylene (PP) Suitcase|Mounted TSA Lock|Seafoam Blue,abijith,N/A,N/A,,Reviewed in India on 12 March 2026,https://www.amazon.in/American-Tourister-Liftoff-Suitcase-Trolley/dp/B0F5HLYQK3/ref=sr_1_9?sr=8-9
American Tourister Liftoff+|Large Size Check-in Spinner Trolley Bag (79 cm) for Travel|360° 8 Wheel Travel Luggage|Hard Case Polypropylene (PP) Suitcase|Mounted TSA Lock|Seafoam Blue,nidhi,N/A,N/A,,Reviewed in India on 28 February 2026,https://www.amazon.in/American-Tourister-Liftoff-Suitcase-Trolley/dp/B0F5HLYQK3/ref=sr_1_9?sr=8-9
American Tourister Icor|Small Size Cabin Trolley Bag (58 cm)|360° 4 Wheel Spinner Travel Luggage|Soft Case Polyester Expandable Suitcase|Mounted Combination Lock|Teal,Hemant kumar,Value for money,"Good genuine product, like it very much",,Reviewed in India on 9 April 2026,https://www.amazon.in/American-Tourister-Soft-Sided-Expandable-Combination/dp/B0CW9T2Y43/ref=sr_1_10?sr=8-10
American Tourister Icor|Small Size Cabin Trolley Bag (58 cm)|360° 4 Wheel Spinner Travel Luggage|Soft Case Polyester Expandable Suitcase|Mounted Combination Lock|Teal,ajas mp,very good bag,good and useful bag for travel,,Reviewed in India on 31 March 2026,https://www.amazon.in/American-Tourister-Soft-Sided-Expandable-Combination/dp/B0CW9T2Y43/ref=sr_1_10?sr=8-10
American Tourister Icor|Small Size Cabin Trolley Bag (58 cm)|360° 4 Wheel Spinner Travel Luggage|Soft Case Polyester Expandable Suitcase|Mounted Combination Lock|Teal,Sudha jaitly,Big size with light weight,Super quality.,,Reviewed in India on 9 February 2026,https://www.amazon.in/American-Tourister-Soft-Sided-Expandable-Combination/dp/B0CW9T2Y43/ref=sr_1_10?sr=8-10
American Tourister Icor|Small Size Cabin Trolley Bag (58 cm)|360° 4 Wheel Spinner Travel Luggage|Soft Case Polyester Expandable Suitcase|Mounted Combination Lock|Teal,Raj,Check in baggage,The Brand name includes quality products. Zip is excellent and holds good for long wheels operate smooth.,,Reviewed in India on 5 April 2026,https://www.amazon.in/American-Tourister-Soft-Sided-Expandable-Combination/dp/B0CW9T2Y43/ref=sr_1_10?sr=8-10
American Tourister Icor|Small Size Cabin Trolley Bag (58 cm)|360° 4 Wheel Spinner Travel Luggage|Soft Case Polyester Expandable Suitcase|Mounted Combination Lock|Teal,Abhijit Guha,Good product.,Luctavive product in cheaper rate. Light in weight helpful for air journey having international warranty.,,Reviewed in India on 3 April 2026,https://www.amazon.in/American-Tourister-Soft-Sided-Expandable-Combination/dp/B0CW9T2Y43/ref=sr_1_10?sr=8-10
American Tourister Icor|Small Size Cabin Trolley Bag (58 cm)|360° 4 Wheel Spinner Travel Luggage|Soft Case Polyester Expandable Suitcase|Mounted Combination Lock|Teal,Mahesh,Quality issue,Very poor quality,,Reviewed in India on 22 April 2026,https://www.amazon.in/American-Tourister-Soft-Sided-Expandable-Combination/dp/B0CW9T2Y43/ref=sr_1_10?sr=8-10
American Tourister Icor|Small Size Cabin Trolley Bag (58 cm)|360° 4 Wheel Spinner Travel Luggage|Soft Case Polyester Expandable Suitcase|Mounted Combination Lock|Teal,Shweta Jaiswal,Good quality,It's nice look and good quality.,,Reviewed in India on 12 January 2026,https://www.amazon.in/American-Tourister-Soft-Sided-Expandable-Combination/dp/B0CW9T2Y43/ref=sr_1_10?sr=8-10
American Tourister Icor|Small Size Cabin Trolley Bag (58 cm)|360° 4 Wheel Spinner Travel Luggage|Soft Case Polyester Expandable Suitcase|Mounted Combination Lock|Teal,NitishK,lightweight bag but lock not TSA,"Lightweight. Great value for money.
But
Compared to my other previously bought American Tourister luggage, this bag has inner lining of some stiff plastic like material and not soft fabric.
And the lock is not TSA certified.

Otherwise no other complaint.",,Reviewed in India on 17 January 2026,https://www.amazon.in/American-Tourister-Soft-Sided-Expandable-Combination/dp/B0CW9T2Y43/ref=sr_1_10?sr=8-10
"American Tourister Jamaica 80 CM Large Check-in Polyester Softside Trolley Bag with Combination Lock, Luggage Bag with 4 Spinner Wheels for Smooth Travel, Trolley for Men & Women - Multi Colour",Madhu,Must buy,"Just wow... Awesome quality bag it is.. All zips super smooth.. All wheels very smooth.. Looks, color beautiful😍 I loved the bag very much💗",,Reviewed in India on 21 April 2026,https://www.amazon.in/American-Tourister-Polyester-Softside-Combination/dp/B0FHJNMV97/ref=sr_1_11?sr=8-11
"American Tourister Jamaica 80 CM Large Check-in Polyester Softside Trolley Bag with Combination Lock, Luggage Bag with 4 Spinner Wheels for Smooth Travel, Trolley for Men & Women - Multi Colour",Surjeet Yadav,Soft fabric,"Nice product, fiber quality and also material size
I am Fully satisfied 😊",,Reviewed in India on 6 February 2026,https://www.amazon.in/American-Tourister-Polyester-Softside-Combination/dp/B0FHJNMV97/ref=sr_1_11?sr=8-11
"American Tourister Jamaica 80 CM Large Check-in Polyester Softside Trolley Bag with Combination Lock, Luggage Bag with 4 Spinner Wheels for Smooth Travel, Trolley for Men & Women - Multi Colour",VYSAKH,The quality is amazing,Very nice product and good quality,,Reviewed in India on 5 April 2026,https://www.amazon.in/American-Tourister-Polyester-Softside-Combination/dp/B0FHJNMV97/ref=sr_1_11?sr=8-11
"American Tourister Jamaica 80 CM Large Check-in Polyester Softside Trolley Bag with Combination Lock, Luggage Bag with 4 Spinner Wheels for Smooth Travel, Trolley for Men & Women - Multi Colour",Vikramadithyan P,Great deal,It's best in class in this price point,,Reviewed in India on 15 February 2026,https://www.amazon.in/American-Tourister-Polyester-Softside-Combination/dp/B0FHJNMV97/ref=sr_1_11?sr=8-11
"American Tourister Jamaica 80 CM Large Check-in Polyester Softside Trolley Bag with Combination Lock, Luggage Bag with 4 Spinner Wheels for Smooth Travel, Trolley for Men & Women - Multi Colour",Saswat kumar dash,Very good luggage bagpack,It's a really great luggage back using it as a hosteller great choice. I bought it for 3000,,Reviewed in India on 20 March 2026,https://www.amazon.in/American-Tourister-Polyester-Softside-Combination/dp/B0FHJNMV97/ref=sr_1_11?sr=8-11
"American Tourister Jamaica 80 CM Large Check-in Polyester Softside Trolley Bag with Combination Lock, Luggage Bag with 4 Spinner Wheels for Smooth Travel, Trolley for Men & Women - Multi Colour",Carol,Misleading product description.,"To anyone going for this purchase. Please confirm the product description upon recieving the bag if it's according to what it states by measuring your bag with a measuring tape. Product description says it's 58 cms. And when spoken to the customer service team, they say there is a product description mismatch. And in reality this is a 55 cm trolley bag.
Misleading people is really shameful.",,Reviewed in India on 23 March 2026,https://www.amazon.in/American-Tourister-Polyester-Softside-Combination/dp/B0FHJNMV97/ref=sr_1_11?sr=8-11
"American Tourister Jamaica 80 CM Large Check-in Polyester Softside Trolley Bag with Combination Lock, Luggage Bag with 4 Spinner Wheels for Smooth Travel, Trolley for Men & Women - Multi Colour",Amazon Customer,Large size with extended volume,Standard product with decent prize. I strongly recommend product. Good meterial and less weight. Good for travelling peoples who carries big luggage.,,Reviewed in India on 10 December 2025,https://www.amazon.in/American-Tourister-Polyester-Softside-Combination/dp/B0FHJNMV97/ref=sr_1_11?sr=8-11
"American Tourister Jamaica 80 CM Large Check-in Polyester Softside Trolley Bag with Combination Lock, Luggage Bag with 4 Spinner Wheels for Smooth Travel, Trolley for Men & Women - Multi Colour",krunal,Extremely poor quality,"Extremely poor quality bag. Please do not waste your time and money on such product. The bag has no robustness in its structure and has been torn (see pic) just in one international journey, which by contrast is worst as I own many a few other luggages and have been travelling with them over the years.",,Reviewed in India on 29 November 2025,https://www.amazon.in/American-Tourister-Polyester-Softside-Combination/dp/B0FHJNMV97/ref=sr_1_11?sr=8-11
American Tourister Upland Sport 55 CM Small Carry-On Polypropylene (PP) Hard 4 Wheels Spinner Luggage/Suitcase/Trolley Bag for Travel (Pool Blue),leelasai thummalapalli,Quality is good but drag handle is little sensitive,Looks good worthit and also comes with water resistant for this trolly. Light weight. Design is good Matte feels occurs less scratchs.,,Reviewed in India on 16 January 2026,https://www.amazon.in/American-Tourister-Polypropylene-Spinner-Suitcase/dp/B0F4G1J733/ref=sr_1_12?sr=8-12
American Tourister Upland Sport 55 CM Small Carry-On Polypropylene (PP) Hard 4 Wheels Spinner Luggage/Suitcase/Trolley Bag for Travel (Pool Blue),Yash kadam,Good but not strong but okay,Good and stylish matte black colour but handle is little bit thin not feel strong otherwise product is good at this price range,,Reviewed in India on 12 March 2026,https://www.amazon.in/American-Tourister-Polypropylene-Spinner-Suitcase/dp/B0F4G1J733/ref=sr_1_12?sr=8-12
American Tourister Upland Sport 55 CM Small Carry-On Polypropylene (PP) Hard 4 Wheels Spinner Luggage/Suitcase/Trolley Bag for Travel (Pool Blue),Aruna Shankar,Great pick,"Very good, strong & sturdy .However colour didn't match like what was in the display. Definitely recommend",,Reviewed in India on 1 December 2025,https://www.amazon.in/American-Tourister-Polypropylene-Spinner-Suitcase/dp/B0F4G1J733/ref=sr_1_12?sr=8-12
American Tourister Upland Sport 55 CM Small Carry-On Polypropylene (PP) Hard 4 Wheels Spinner Luggage/Suitcase/Trolley Bag for Travel (Pool Blue),Aniket Padman,Good Product,Good product,,Reviewed in India on 2 January 2026,https://www.amazon.in/American-Tourister-Polypropylene-Spinner-Suitcase/dp/B0F4G1J733/ref=sr_1_12?sr=8-12
American Tourister Upland Sport 55 CM Small Carry-On Polypropylene (PP) Hard 4 Wheels Spinner Luggage/Suitcase/Trolley Bag for Travel (Pool Blue),Suresh Manne,A trusted brand with quality product,"I have a positive feedback on American Tourister trolleys, they are of good quality one, so is the price little higher side.",,Reviewed in India on 12 November 2025,https://www.amazon.in/American-Tourister-Polypropylene-Spinner-Suitcase/dp/B0F4G1J733/ref=sr_1_12?sr=8-12
American Tourister Upland Sport 55 CM Small Carry-On Polypropylene (PP) Hard 4 Wheels Spinner Luggage/Suitcase/Trolley Bag for Travel (Pool Blue),Shyam Sundar,Return is not done,The item was small and poor quality. Have immediately initiated return on the same day of delivery (18th mar 2026) but it is neither picked up nor money is refunded.,,Reviewed in India on 24 March 2026,https://www.amazon.in/American-Tourister-Polypropylene-Spinner-Suitcase/dp/B0F4G1J733/ref=sr_1_12?sr=8-12
American Tourister Upland Sport 55 CM Small Carry-On Polypropylene (PP) Hard 4 Wheels Spinner Luggage/Suitcase/Trolley Bag for Travel (Pool Blue),Ganesh,Overall,Good to go,,Reviewed in India on 4 March 2026,https://www.amazon.in/American-Tourister-Polypropylene-Spinner-Suitcase/dp/B0F4G1J733/ref=sr_1_12?sr=8-12
American Tourister Upland Sport 55 CM Small Carry-On Polypropylene (PP) Hard 4 Wheels Spinner Luggage/Suitcase/Trolley Bag for Travel (Pool Blue),Ankit,Okayish but has some issues,The handle is not fixed in place and is dangling. The zipper alignment is not sturdy. The build quality is good though and the capacity is great.,,Reviewed in India on 18 October 2025,https://www.amazon.in/American-Tourister-Polypropylene-Spinner-Suitcase/dp/B0F4G1J733/ref=sr_1_12?sr=8-12
American Tourister Liftoff+|Large Size Check-in Spinner Trolley Bag (79 cm) for Travel|360° 8 Wheel Travel Luggage|Hard Case Polypropylene (PP) Suitcase|Mounted TSA Lock|Spa Blue,Sania,N/A,N/A,,Reviewed in India on 10 April 2026,https://www.amazon.in/American-Tourister-Liftoff-Suitcase-Trolley/dp/B0F5HM58RR/ref=sr_1_13?sr=8-13
American Tourister Liftoff+|Large Size Check-in Spinner Trolley Bag (79 cm) for Travel|360° 8 Wheel Travel Luggage|Hard Case Polypropylene (PP) Suitcase|Mounted TSA Lock|Spa Blue,Premlata Tekriwal,N/A,N/A,,Reviewed in India on 13 April 2026,https://www.amazon.in/American-Tourister-Liftoff-Suitcase-Trolley/dp/B0F5HM58RR/ref=sr_1_13?sr=8-13
American Tourister Liftoff+|Large Size Check-in Spinner Trolley Bag (79 cm) for Travel|360° 8 Wheel Travel Luggage|Hard Case Polypropylene (PP) Suitcase|Mounted TSA Lock|Spa Blue,Shailesh,N/A,N/A,,Reviewed in India on 3 April 2026,https://www.amazon.in/American-Tourister-Liftoff-Suitcase-Trolley/dp/B0F5HM58RR/ref=sr_1_13?sr=8-13
American Tourister Liftoff+|Large Size Check-in Spinner Trolley Bag (79 cm) for Travel|360° 8 Wheel Travel Luggage|Hard Case Polypropylene (PP) Suitcase|Mounted TSA Lock|Spa Blue,Swapnanil kar,N/A,N/A,,Reviewed in India on 6 March 2026,https://www.amazon.in/American-Tourister-Liftoff-Suitcase-Trolley/dp/B0F5HM58RR/ref=sr_1_13?sr=8-13
American Tourister Liftoff+|Large Size Check-in Spinner Trolley Bag (79 cm) for Travel|360° 8 Wheel Travel Luggage|Hard Case Polypropylene (PP) Suitcase|Mounted TSA Lock|Spa Blue,Buyer,N/A,N/A,,Reviewed in India on 14 April 2026,https://www.amazon.in/American-Tourister-Liftoff-Suitcase-Trolley/dp/B0F5HM58RR/ref=sr_1_13?sr=8-13
American Tourister Liftoff+|Large Size Check-in Spinner Trolley Bag (79 cm) for Travel|360° 8 Wheel Travel Luggage|Hard Case Polypropylene (PP) Suitcase|Mounted TSA Lock|Spa Blue,Prateek Dutta,N/A,N/A,,Reviewed in India on 23 March 2026,https://www.amazon.in/American-Tourister-Liftoff-Suitcase-Trolley/dp/B0F5HM58RR/ref=sr_1_13?sr=8-13
American Tourister Liftoff+|Large Size Check-in Spinner Trolley Bag (79 cm) for Travel|360° 8 Wheel Travel Luggage|Hard Case Polypropylene (PP) Suitcase|Mounted TSA Lock|Spa Blue,abijith,N/A,N/A,,Reviewed in India on 12 March 2026,https://www.amazon.in/American-Tourister-Liftoff-Suitcase-Trolley/dp/B0F5HM58RR/ref=sr_1_13?sr=8-13
American Tourister Liftoff+|Large Size Check-in Spinner Trolley Bag (79 cm) for Travel|360° 8 Wheel Travel Luggage|Hard Case Polypropylene (PP) Suitcase|Mounted TSA Lock|Spa Blue,nidhi,N/A,N/A,,Reviewed in India on 28 February 2026,https://www.amazon.in/American-Tourister-Liftoff-Suitcase-Trolley/dp/B0F5HM58RR/ref=sr_1_13?sr=8-13
American Tourister Ivy 2.0|Large Size Check-in Spinner Trolley Bag (79 cm)|360° 8 Wheel Travel Luggage|Hard Case Polypropylene (PP) Suitcase|Combination Lock|Black,RV,N/A,N/A,,Reviewed in India on 18 April 2026,https://www.amazon.in/American-Tourister-Suitcase-Trolley-Combination/dp/B0F5HQQ361/ref=sr_1_15?sr=8-15
American Tourister Ivy 2.0|Large Size Check-in Spinner Trolley Bag (79 cm)|360° 8 Wheel Travel Luggage|Hard Case Polypropylene (PP) Suitcase|Combination Lock|Black,Sekh naim,N/A,N/A,,Reviewed in India on 17 April 2026,https://www.amazon.in/American-Tourister-Suitcase-Trolley-Combination/dp/B0F5HQQ361/ref=sr_1_15?sr=8-15
American Tourister Ivy 2.0|Large Size Check-in Spinner Trolley Bag (79 cm)|360° 8 Wheel Travel Luggage|Hard Case Polypropylene (PP) Suitcase|Combination Lock|Black,Mahiya Abdurrehman,N/A,N/A,,Reviewed in India on 23 February 2026,https://www.amazon.in/American-Tourister-Suitcase-Trolley-Combination/dp/B0F5HQQ361/ref=sr_1_15?sr=8-15
American Tourister Ivy 2.0|Large Size Check-in Spinner Trolley Bag (79 cm)|360° 8 Wheel Travel Luggage|Hard Case Polypropylene (PP) Suitcase|Combination Lock|Black,Amazon Customer,N/A,N/A,,Reviewed in India on 22 April 2026,https://www.amazon.in/American-Tourister-Suitcase-Trolley-Combination/dp/B0F5HQQ361/ref=sr_1_15?sr=8-15
American Tourister Ivy 2.0|Large Size Check-in Spinner Trolley Bag (79 cm)|360° 8 Wheel Travel Luggage|Hard Case Polypropylene (PP) Suitcase|Combination Lock|Black,Madhu,N/A,N/A,,Reviewed in India on 18 July 2023,https://www.amazon.in/American-Tourister-Suitcase-Trolley-Combination/dp/B0F5HQQ361/ref=sr_1_15?sr=8-15
American Tourister Ivy 2.0|Large Size Check-in Spinner Trolley Bag (79 cm)|360° 8 Wheel Travel Luggage|Hard Case Polypropylene (PP) Suitcase|Combination Lock|Black,Inas N.,N/A,N/A,,Reviewed in India on 25 March 2026,https://www.amazon.in/American-Tourister-Suitcase-Trolley-Combination/dp/B0F5HQQ361/ref=sr_1_15?sr=8-15
American Tourister Ivy 2.0|Large Size Check-in Spinner Trolley Bag (79 cm)|360° 8 Wheel Travel Luggage|Hard Case Polypropylene (PP) Suitcase|Combination Lock|Black,Niyaz Latheef,N/A,N/A,,Reviewed in India on 24 April 2026,https://www.amazon.in/American-Tourister-Suitcase-Trolley-Combination/dp/B0F5HQQ361/ref=sr_1_15?sr=8-15
American Tourister Ivy 2.0|Large Size Check-in Spinner Trolley Bag (79 cm)|360° 8 Wheel Travel Luggage|Hard Case Polypropylene (PP) Suitcase|Combination Lock|Black,Ashley Alexander,N/A,N/A,,Reviewed in India on 10 February 2026,https://www.amazon.in/American-Tourister-Suitcase-Trolley-Combination/dp/B0F5HQQ361/ref=sr_1_15?sr=8-15
"American Tourister Cabin Trolley Bag for Travel|Splash 55 Cms Polycarbonate Hardsided Small Luggage Bag|Speed_Wheel 8 Wheel Suitcase for Travel|Trolley Bag for Travelling, Coral/Teal",J. SURESH,N/A,N/A,,Reviewed in India on 26 March 2026,https://www.amazon.in/American-Tourister-Polycarbonate-LG1-22/dp/B0B6BVXCCD/ref=sr_1_16?sr=8-16
"American Tourister Cabin Trolley Bag for Travel|Splash 55 Cms Polycarbonate Hardsided Small Luggage Bag|Speed_Wheel 8 Wheel Suitcase for Travel|Trolley Bag for Travelling, Coral/Teal",sanjib hazra,N/A,N/A,,Reviewed in India on 26 April 2026,https://www.amazon.in/American-Tourister-Polycarbonate-LG1-22/dp/B0B6BVXCCD/ref=sr_1_16?sr=8-16
"American Tourister Cabin Trolley Bag for Travel|Splash 55 Cms Polycarbonate Hardsided Small Luggage Bag|Speed_Wheel 8 Wheel Suitcase for Travel|Trolley Bag for Travelling, Coral/Teal",Shrinivas V Mansabdar,N/A,N/A,,Reviewed in India on 2 January 2024,https://www.amazon.in/American-Tourister-Polycarbonate-LG1-22/dp/B0B6BVXCCD/ref=sr_1_16?sr=8-16
"American Tourister Cabin Trolley Bag for Travel|Splash 55 Cms Polycarbonate Hardsided Small Luggage Bag|Speed_Wheel 8 Wheel Suitcase for Travel|Trolley Bag for Travelling, Coral/Teal",RAJMOHAN,N/A,N/A,,Reviewed in India on 8 December 2025,https://www.amazon.in/American-Tourister-Polycarbonate-LG1-22/dp/B0B6BVXCCD/ref=sr_1_16?sr=8-16
"American Tourister Cabin Trolley Bag for Travel|Splash 55 Cms Polycarbonate Hardsided Small Luggage Bag|Speed_Wheel 8 Wheel Suitcase for Travel|Trolley Bag for Travelling, Coral/Teal",Charanjit,N/A,N/A,,Reviewed in India on 15 February 2026,https://www.amazon.in/American-Tourister-Polycarbonate-LG1-22/dp/B0B6BVXCCD/ref=sr_1_16?sr=8-16
"American Tourister Cabin Trolley Bag for Travel|Splash 55 Cms Polycarbonate Hardsided Small Luggage Bag|Speed_Wheel 8 Wheel Suitcase for Travel|Trolley Bag for Travelling, Coral/Teal",Shubham kumar,N/A,N/A,,Reviewed in India on 21 February 2026,https://www.amazon.in/American-Tourister-Polycarbonate-LG1-22/dp/B0B6BVXCCD/ref=sr_1_16?sr=8-16
"American Tourister Cabin Trolley Bag for Travel|Splash 55 Cms Polycarbonate Hardsided Small Luggage Bag|Speed_Wheel 8 Wheel Suitcase for Travel|Trolley Bag for Travelling, Coral/Teal",Placeholder,N/A,N/A,,Reviewed in India on 1 April 2026,https://www.amazon.in/American-Tourister-Polycarbonate-LG1-22/dp/B0B6BVXCCD/ref=sr_1_16?sr=8-16
"American Tourister Cabin Trolley Bag for Travel|Splash 55 Cms Polycarbonate Hardsided Small Luggage Bag|Speed_Wheel 8 Wheel Suitcase for Travel|Trolley Bag for Travelling, Coral/Teal",Sapnasingh,N/A,N/A,,Reviewed in India on 20 March 2026,https://www.amazon.in/American-Tourister-Polycarbonate-LG1-22/dp/B0B6BVXCCD/ref=sr_1_16?sr=8-16
Aristocrat Polycarbonate Spinner Comet Cabin Trolley Bag 56cm|Small|Hard Luggage| Smooth 8-Wheel Suitcase|Combination Lock with Sturdy Zipper|Full Fabric Convipack|3-Year International Warranty (Blue),Sam,Very good Trolley for Travellers,"Great product, This is the second Trolley bag from Aristocrat.
I need to say this, what I recieved is a great product, couple times I stand on the box to reach for items on top of cupboard it hand held me without any probs the Zip held strong, I weigh 75kg.
Great Trolley for travel easily can carry 30kg wieght, Its value for money and Durable.",,Reviewed in India on 21 February 2026,https://www.amazon.in/Aristocrat-Polycarbonate-Combination-Convipack-International/dp/B0FC6QHR4T/ref=sr_1_6?sr=8-6
Aristocrat Polycarbonate Spinner Comet Cabin Trolley Bag 56cm|Small|Hard Luggage| Smooth 8-Wheel Suitcase|Combination Lock with Sturdy Zipper|Full Fabric Convipack|3-Year International Warranty (Blue),Bhavya Pratap,Worth buying ✨♥️,"Click to play video
Look wise, it's nice. No damage, hassle free delivery & reasonable also. I was wondering, what if the product would not be the same as shown in the picture, the zip quality, Lock functionality is good. Finally, I'm satisfied with the product for now but the only concern was the quality. It's a little bit low in quality, but anyways it's worth buying. Thank you Amazon. ♥️✨",,Reviewed in India on 17 February 2026,https://www.amazon.in/Aristocrat-Polycarbonate-Combination-Convipack-International/dp/B0FC6QHR4T/ref=sr_1_6?sr=8-6
Aristocrat Polycarbonate Spinner Comet Cabin Trolley Bag 56cm|Small|Hard Luggage| Smooth 8-Wheel Suitcase|Combination Lock with Sturdy Zipper|Full Fabric Convipack|3-Year International Warranty (Blue),ashif,Perfect Travel Companion – Loved the Quality!,"⭐⭐⭐⭐⭐ Stylish, Durable & Worth the Money (Delivery Slightly Delayed)
I recently purchased this 3-piece trolley bag set from Aristocrat, and overall I’m really impressed with the quality and design.
First of all, the color combination (olive green with yellow accents) looks very premium and unique—definitely stands out from regular luggage. The hard shell body feels sturdy and durable, which gives confidence for long trips and rough handling during travel.
The 360° spinner wheels are super smooth, making it very easy to move the bags around even when fully loaded. The trolley handles are strong and adjustable, and the zippers feel high-quality as well.

All three sizes (small, medium, large) are very practical—perfect for different travel needs. Also, the bags came well-packed and in proper condition.
The only small issue was that delivery was delayed by 1 day, but considering the product quality, it wasn’t a big concern.
✅ Pros:
Premium look and finish
Strong and durable body
Smooth wheels & easy handling
Value-for-money combo set
Cons:1-day delivery delay
Overall, I would highly recommend this set to anyone looking for stylish and reliable luggage 👍
Read more",,Reviewed in India on 2 April 2026,https://www.amazon.in/Aristocrat-Polycarbonate-Combination-Convipack-International/dp/B0FC6QHR4T/ref=sr_1_6?sr=8-6
Aristocrat Polycarbonate Spinner Comet Cabin Trolley Bag 56cm|Small|Hard Luggage| Smooth 8-Wheel Suitcase|Combination Lock with Sturdy Zipper|Full Fabric Convipack|3-Year International Warranty (Blue),Venkata sai,Very good,Value of money Good quality,,Reviewed in India on 22 April 2026,https://www.amazon.in/Aristocrat-Polycarbonate-Combination-Convipack-International/dp/B0FC6QHR4T/ref=sr_1_6?sr=8-6
Aristocrat Polycarbonate Spinner Comet Cabin Trolley Bag 56cm|Small|Hard Luggage| Smooth 8-Wheel Suitcase|Combination Lock with Sturdy Zipper|Full Fabric Convipack|3-Year International Warranty (Blue),T Chandra S,Good,Good and Comfortable,,Reviewed in India on 18 April 2026,https://www.amazon.in/Aristocrat-Polycarbonate-Combination-Convipack-International/dp/B0FC6QHR4T/ref=sr_1_6?sr=8-6
Aristocrat Polycarbonate Spinner Comet Cabin Trolley Bag 56cm|Small|Hard Luggage| Smooth 8-Wheel Suitcase|Combination Lock with Sturdy Zipper|Full Fabric Convipack|3-Year International Warranty (Blue),SK.ADIL,Recommended,"Recommended, only problem is low / poor Quality strip or elastic lock inside.",,Reviewed in India on 29 January 2026,https://www.amazon.in/Aristocrat-Polycarbonate-Combination-Convipack-International/dp/B0FC6QHR4T/ref=sr_1_6?sr=8-6
Aristocrat Polycarbonate Spinner Comet Cabin Trolley Bag 56cm|Small|Hard Luggage| Smooth 8-Wheel Suitcase|Combination Lock with Sturdy Zipper|Full Fabric Convipack|3-Year International Warranty (Blue),Dhruva,Review of my new Aristocrat suitcase,"I just got this new Aristocrat suitcase and wanted to share my first impressions. I went for the large size, and it's even better in person than I expected.
First off, I love the look of it. It's a dark navy blue with this cool, almost geometric texture on the hard shell. But what really makes it stand out are the bright yellow accents. They've got the yellow on the wheels and the piping around the zippers, and it just looks so sharp and modern. Plus, it's going to be so easy to spot on the luggage conveyor belt.
The quality feels great, too. The shell feels tough, like it can handle getting thrown around a bit. The zippers are super smooth and don't snag at all, which is a pet peeve of mine. The wheels look solid and are the kind that spin all the way around, which is a lifesaver when you're rushing through the airport.
Inside, it's just as good. The lining is a dark grey fabric with a neat honeycomb pattern. There's a zippered divider inside, which is awesome for keeping my clothes separate from shoes or other items. I also noticed you can unzip the whole lining, which is a smart design choice for getting to the frame or just cleaning it out.
The handle is still wrapped up, but it looks like the standard kind you extend. The zip pulls are also nice and chunky, easy to grab.
All in all, I'm really happy with this purchase. It's stylish, looks durable, and has some great features for keeping things organized. I can't wait to use it on my next trip!
Read more",,Reviewed in India on 24 August 2025,https://www.amazon.in/Aristocrat-Polycarbonate-Combination-Convipack-International/dp/B0FC6QHR4T/ref=sr_1_6?sr=8-6
Aristocrat Polycarbonate Spinner Comet Cabin Trolley Bag 56cm|Small|Hard Luggage| Smooth 8-Wheel Suitcase|Combination Lock with Sturdy Zipper|Full Fabric Convipack|3-Year International Warranty (Blue),Ajay,Pros & cons,"Pros.
1.Bag is excellent wheels are smooth
2. Order 3 set packaging was excellent
3. No damage was found
4. Code of zip is 000
5. Hardness of the body is moderate can be more rugged or hard
6. Zip is smooth

cons
1. Received wrong colour
ordered green but received grey
2. little bit of expensive for me (5.5k 3 set)
3. it's should have min 5 years of warranty
4. Handle looks chip have to use carefully

I'll update the review after the usage
Read more",,Reviewed in India on 3 November 2025,https://www.amazon.in/Aristocrat-Polycarbonate-Combination-Convipack-International/dp/B0FC6QHR4T/ref=sr_1_6?sr=8-6
"Aristocrat Liberty Medium (Check-in) Polypropylene Hard Spinner Trolley Bag, 68Cm|Combination Lock|8 Wheels|3 Years International Warranty|New Saddle Brown",Adhrit,Very good. Must buy. Great value for money,"Very durable, travel friendly, highly recommended",,Reviewed in India on 26 April 2026,https://www.amazon.in/Aristocrat-Liberty-Combination-International-Warranty/dp/B0FMF7NN53/ref=sr_1_7?sr=8-7
"Aristocrat Liberty Medium (Check-in) Polypropylene Hard Spinner Trolley Bag, 68Cm|Combination Lock|8 Wheels|3 Years International Warranty|New Saddle Brown",MS SHAH UZMA GULZAR,Good Quality Suitcase Set,"Click to play video
Very nice luggage set. Strong build quality and stylish look. Wheels move smoothly and handles are sturdy. Size options are perfect for travel. Value for money and highly recommended.",,Reviewed in India on 25 January 2026,https://www.amazon.in/Aristocrat-Liberty-Combination-International-Warranty/dp/B0FMF7NN53/ref=sr_1_7?sr=8-7
"Aristocrat Liberty Medium (Check-in) Polypropylene Hard Spinner Trolley Bag, 68Cm|Combination Lock|8 Wheels|3 Years International Warranty|New Saddle Brown",Syed A.,Great product,"Very sturdy product. Sporty and elegant looks.
Good quality colour. Lots of storage.",,Reviewed in India on 10 April 2026,https://www.amazon.in/Aristocrat-Liberty-Combination-International-Warranty/dp/B0FMF7NN53/ref=sr_1_7?sr=8-7
"Aristocrat Liberty Medium (Check-in) Polypropylene Hard Spinner Trolley Bag, 68Cm|Combination Lock|8 Wheels|3 Years International Warranty|New Saddle Brown",Nikita,High quality cabin bag,"The product has an excellent finish, with rubber-coated wheels that ensure silent movement while traveling. The build quality is impressive, and the materials used give it a premium, high-quality feel.",,Reviewed in India on 29 April 2026,https://www.amazon.in/Aristocrat-Liberty-Combination-International-Warranty/dp/B0FMF7NN53/ref=sr_1_7?sr=8-7
"Aristocrat Liberty Medium (Check-in) Polypropylene Hard Spinner Trolley Bag, 68Cm|Combination Lock|8 Wheels|3 Years International Warranty|New Saddle Brown",azon CustomerJuthika Sengupta,Aristricrat cabin suitcase,The item is good.Quite spacious.Good for carrying clothings for 2-3 days,,Reviewed in India on 13 April 2026,https://www.amazon.in/Aristocrat-Liberty-Combination-International-Warranty/dp/B0FMF7NN53/ref=sr_1_7?sr=8-7
"Aristocrat Liberty Medium (Check-in) Polypropylene Hard Spinner Trolley Bag, 68Cm|Combination Lock|8 Wheels|3 Years International Warranty|New Saddle Brown",Dr.Gopaldas Pawan Kumar,Affordable Quality Travel suitcase,Very good affordable travel suitcase. Lightweight with pleasing colour and smooth wheels. Yet to put in use.,,Reviewed in India on 15 April 2026,https://www.amazon.in/Aristocrat-Liberty-Combination-International-Warranty/dp/B0FMF7NN53/ref=sr_1_7?sr=8-7
"Aristocrat Liberty Medium (Check-in) Polypropylene Hard Spinner Trolley Bag, 68Cm|Combination Lock|8 Wheels|3 Years International Warranty|New Saddle Brown",Vinod kumar,Quality must be better,Good but zips and lining belt is not good,,Reviewed in India on 8 April 2026,https://www.amazon.in/Aristocrat-Liberty-Combination-International-Warranty/dp/B0FMF7NN53/ref=sr_1_7?sr=8-7
"Aristocrat Liberty Medium (Check-in) Polypropylene Hard Spinner Trolley Bag, 68Cm|Combination Lock|8 Wheels|3 Years International Warranty|New Saddle Brown",Sunder,Quality,"Overall product is really good given the price point, the handle is not so strong. Not broken but making wierd sound.",,Reviewed in India on 1 April 2026,https://www.amazon.in/Aristocrat-Liberty-Combination-International-Warranty/dp/B0FMF7NN53/ref=sr_1_7?sr=8-7
Aristocrat Comet Check-in Trolley Bag 66cm | Medium | Hard Luggage| Smooth 8-Wheel Suitcase| Combination Lock with Sturdy Zipper | Full Fabric Convipack | 3-Year International Warranty (Grey),Sam,Very good Trolley for Travellers,"Great product, This is the second Trolley bag from Aristocrat.
I need to say this, what I recieved is a great product, couple times I stand on the box to reach for items on top of cupboard it hand held me without any probs the Zip held strong, I weigh 75kg.
Great Trolley for travel easily can carry 30kg wieght, Its value for money and Durable.",,Reviewed in India on 21 February 2026,https://www.amazon.in/Aristocrat-Suitcase-Combination-Convipack-International/dp/B0FC6NNC9N/ref=sr_1_9?sr=8-9
Aristocrat Comet Check-in Trolley Bag 66cm | Medium | Hard Luggage| Smooth 8-Wheel Suitcase| Combination Lock with Sturdy Zipper | Full Fabric Convipack | 3-Year International Warranty (Grey),Bhavya Pratap,Worth buying ✨♥️,"Click to play video
Look wise, it's nice. No damage, hassle free delivery & reasonable also. I was wondering, what if the product would not be the same as shown in the picture, the zip quality, Lock functionality is good. Finally, I'm satisfied with the product for now but the only concern was the quality. It's a little bit low in quality, but anyways it's worth buying. Thank you Amazon. ♥️✨",,Reviewed in India on 17 February 2026,https://www.amazon.in/Aristocrat-Suitcase-Combination-Convipack-International/dp/B0FC6NNC9N/ref=sr_1_9?sr=8-9
Aristocrat Comet Check-in Trolley Bag 66cm | Medium | Hard Luggage| Smooth 8-Wheel Suitcase| Combination Lock with Sturdy Zipper | Full Fabric Convipack | 3-Year International Warranty (Grey),ashif,Perfect Travel Companion – Loved the Quality!,"⭐⭐⭐⭐⭐ Stylish, Durable & Worth the Money (Delivery Slightly Delayed)
I recently purchased this 3-piece trolley bag set from Aristocrat, and overall I’m really impressed with the quality and design.
First of all, the color combination (olive green with yellow accents) looks very premium and unique—definitely stands out from regular luggage. The hard shell body feels sturdy and durable, which gives confidence for long trips and rough handling during travel.
The 360° spinner wheels are super smooth, making it very easy to move the bags around even when fully loaded. The trolley handles are strong and adjustable, and the zippers feel high-quality as well.

All three sizes (small, medium, large) are very practical—perfect for different travel needs. Also, the bags came well-packed and in proper condition.
The only small issue was that delivery was delayed by 1 day, but considering the product quality, it wasn’t a big concern.
✅ Pros:
Premium look and finish
Strong and durable body
Smooth wheels & easy handling
Value-for-money combo set
Cons:1-day delivery delay
Overall, I would highly recommend this set to anyone looking for stylish and reliable luggage 👍
Read more",,Reviewed in India on 2 April 2026,https://www.amazon.in/Aristocrat-Suitcase-Combination-Convipack-International/dp/B0FC6NNC9N/ref=sr_1_9?sr=8-9
Aristocrat Comet Check-in Trolley Bag 66cm | Medium | Hard Luggage| Smooth 8-Wheel Suitcase| Combination Lock with Sturdy Zipper | Full Fabric Convipack | 3-Year International Warranty (Grey),Venkata sai,Very good,Value of money Good quality,,Reviewed in India on 22 April 2026,https://www.amazon.in/Aristocrat-Suitcase-Combination-Convipack-International/dp/B0FC6NNC9N/ref=sr_1_9?sr=8-9
Aristocrat Comet Check-in Trolley Bag 66cm | Medium | Hard Luggage| Smooth 8-Wheel Suitcase| Combination Lock with Sturdy Zipper | Full Fabric Convipack | 3-Year International Warranty (Grey),T Chandra S,Good,Good and Comfortable,,Reviewed in India on 18 April 2026,https://www.amazon.in/Aristocrat-Suitcase-Combination-Convipack-International/dp/B0FC6NNC9N/ref=sr_1_9?sr=8-9
Aristocrat Comet Check-in Trolley Bag 66cm | Medium | Hard Luggage| Smooth 8-Wheel Suitcase| Combination Lock with Sturdy Zipper | Full Fabric Convipack | 3-Year International Warranty (Grey),SK.ADIL,Recommended,"Recommended, only problem is low / poor Quality strip or elastic lock inside.",,Reviewed in India on 29 January 2026,https://www.amazon.in/Aristocrat-Suitcase-Combination-Convipack-International/dp/B0FC6NNC9N/ref=sr_1_9?sr=8-9
Aristocrat Comet Check-in Trolley Bag 66cm | Medium | Hard Luggage| Smooth 8-Wheel Suitcase| Combination Lock with Sturdy Zipper | Full Fabric Convipack | 3-Year International Warranty (Grey),Dhruva,Review of my new Aristocrat suitcase,"I just got this new Aristocrat suitcase and wanted to share my first impressions. I went for the large size, and it's even better in person than I expected.
First off, I love the look of it. It's a dark navy blue with this cool, almost geometric texture on the hard shell. But what really makes it stand out are the bright yellow accents. They've got the yellow on the wheels and the piping around the zippers, and it just looks so sharp and modern. Plus, it's going to be so easy to spot on the luggage conveyor belt.
The quality feels great, too. The shell feels tough, like it can handle getting thrown around a bit. The zippers are super smooth and don't snag at all, which is a pet peeve of mine. The wheels look solid and are the kind that spin all the way around, which is a lifesaver when you're rushing through the airport.
Inside, it's just as good. The lining is a dark grey fabric with a neat honeycomb pattern. There's a zippered divider inside, which is awesome for keeping my clothes separate from shoes or other items. I also noticed you can unzip the whole lining, which is a smart design choice for getting to the frame or just cleaning it out.
The handle is still wrapped up, but it looks like the standard kind you extend. The zip pulls are also nice and chunky, easy to grab.
All in all, I'm really happy with this purchase. It's stylish, looks durable, and has some great features for keeping things organized. I can't wait to use it on my next trip!
Read more",,Reviewed in India on 24 August 2025,https://www.amazon.in/Aristocrat-Suitcase-Combination-Convipack-International/dp/B0FC6NNC9N/ref=sr_1_9?sr=8-9
Aristocrat Comet Check-in Trolley Bag 66cm | Medium | Hard Luggage| Smooth 8-Wheel Suitcase| Combination Lock with Sturdy Zipper | Full Fabric Convipack | 3-Year International Warranty (Grey),Ajay,Pros & cons,"Pros.
1.Bag is excellent wheels are smooth
2. Order 3 set packaging was excellent
3. No damage was found
4. Code of zip is 000
5. Hardness of the body is moderate can be more rugged or hard
6. Zip is smooth

cons
1. Received wrong colour
ordered green but received grey
2. little bit of expensive for me (5.5k 3 set)
3. it's should have min 5 years of warranty
4. Handle looks chip have to use carefully

I'll update the review after the usage
Read more",,Reviewed in India on 3 November 2025,https://www.amazon.in/Aristocrat-Suitcase-Combination-Convipack-International/dp/B0FC6NNC9N/ref=sr_1_9?sr=8-9
"Aristocrat Liberty Medium (Check-in) Trolley Bag, 68Cm | Combination Lock | 8 Wheels | 3 Years International Warranty | Jet Black, Polypropylene (PP), Hard, Spinner Wheel",Adhrit,Very good. Must buy. Great value for money,"Very durable, travel friendly, highly recommended",,Reviewed in India on 26 April 2026,https://www.amazon.in/Aristocrat-Liberty-Combination-International-Warranty/dp/B0FMF3PRSZ/ref=sr_1_8?sr=8-8
"Aristocrat Liberty Medium (Check-in) Trolley Bag, 68Cm | Combination Lock | 8 Wheels | 3 Years International Warranty | Jet Black, Polypropylene (PP), Hard, Spinner Wheel",MS SHAH UZMA GULZAR,Good Quality Suitcase Set,"Click to play video
Very nice luggage set. Strong build quality and stylish look. Wheels move smoothly and handles are sturdy. Size options are perfect for travel. Value for money and highly recommended.",,Reviewed in India on 25 January 2026,https://www.amazon.in/Aristocrat-Liberty-Combination-International-Warranty/dp/B0FMF3PRSZ/ref=sr_1_8?sr=8-8
"Aristocrat Liberty Medium (Check-in) Trolley Bag, 68Cm | Combination Lock | 8 Wheels | 3 Years International Warranty | Jet Black, Polypropylene (PP), Hard, Spinner Wheel",Syed A.,Great product,"Very sturdy product. Sporty and elegant looks.
Good quality colour. Lots of storage.",,Reviewed in India on 10 April 2026,https://www.amazon.in/Aristocrat-Liberty-Combination-International-Warranty/dp/B0FMF3PRSZ/ref=sr_1_8?sr=8-8
"Aristocrat Liberty Medium (Check-in) Trolley Bag, 68Cm | Combination Lock | 8 Wheels | 3 Years International Warranty | Jet Black, Polypropylene (PP), Hard, Spinner Wheel",Nikita,High quality cabin bag,"The product has an excellent finish, with rubber-coated wheels that ensure silent movement while traveling. The build quality is impressive, and the materials used give it a premium, high-quality feel.",,Reviewed in India on 29 April 2026,https://www.amazon.in/Aristocrat-Liberty-Combination-International-Warranty/dp/B0FMF3PRSZ/ref=sr_1_8?sr=8-8
"Aristocrat Liberty Medium (Check-in) Trolley Bag, 68Cm | Combination Lock | 8 Wheels | 3 Years International Warranty | Jet Black, Polypropylene (PP), Hard, Spinner Wheel",azon CustomerJuthika Sengupta,Aristricrat cabin suitcase,The item is good.Quite spacious.Good for carrying clothings for 2-3 days,,Reviewed in India on 13 April 2026,https://www.amazon.in/Aristocrat-Liberty-Combination-International-Warranty/dp/B0FMF3PRSZ/ref=sr_1_8?sr=8-8
"Aristocrat Liberty Medium (Check-in) Trolley Bag, 68Cm | Combination Lock | 8 Wheels | 3 Years International Warranty | Jet Black, Polypropylene (PP), Hard, Spinner Wheel",Dr.Gopaldas Pawan Kumar,Affordable Quality Travel suitcase,Very good affordable travel suitcase. Lightweight with pleasing colour and smooth wheels. Yet to put in use.,,Reviewed in India on 15 April 2026,https://www.amazon.in/Aristocrat-Liberty-Combination-International-Warranty/dp/B0FMF3PRSZ/ref=sr_1_8?sr=8-8
"Aristocrat Liberty Medium (Check-in) Trolley Bag, 68Cm | Combination Lock | 8 Wheels | 3 Years International Warranty | Jet Black, Polypropylene (PP), Hard, Spinner Wheel",Vinod kumar,Quality must be better,Good but zips and lining belt is not good,,Reviewed in India on 8 April 2026,https://www.amazon.in/Aristocrat-Liberty-Combination-International-Warranty/dp/B0FMF3PRSZ/ref=sr_1_8?sr=8-8
"Aristocrat Liberty Medium (Check-in) Trolley Bag, 68Cm | Combination Lock | 8 Wheels | 3 Years International Warranty | Jet Black, Polypropylene (PP), Hard, Spinner Wheel",Sunder,Quality,"Overall product is really good given the price point, the handle is not so strong. Not broken but making wierd sound.",,Reviewed in India on 1 April 2026,https://www.amazon.in/Aristocrat-Liberty-Combination-International-Warranty/dp/B0FMF3PRSZ/ref=sr_1_8?sr=8-8
"Aristocrat Liberty Medium (Check-in) Polypropylene Hard Spinner Trolley Bag, 68Cm|Combination Lock|8 Wheels|3 Years International Warranty|Spanish Blue",Adhrit,Very good. Must buy. Great value for money,"Very durable, travel friendly, highly recommended",,Reviewed in India on 26 April 2026,https://www.amazon.in/Aristocrat-Liberty-Combination-International-Warranty/dp/B0FMF4NSXP/ref=sr_1_10?sr=8-10
"Aristocrat Liberty Medium (Check-in) Polypropylene Hard Spinner Trolley Bag, 68Cm|Combination Lock|8 Wheels|3 Years International Warranty|Spanish Blue",MS SHAH UZMA GULZAR,Good Quality Suitcase Set,"Click to play video
Very nice luggage set. Strong build quality and stylish look. Wheels move smoothly and handles are sturdy. Size options are perfect for travel. Value for money and highly recommended.",,Reviewed in India on 25 January 2026,https://www.amazon.in/Aristocrat-Liberty-Combination-International-Warranty/dp/B0FMF4NSXP/ref=sr_1_10?sr=8-10
"Aristocrat Liberty Medium (Check-in) Polypropylene Hard Spinner Trolley Bag, 68Cm|Combination Lock|8 Wheels|3 Years International Warranty|Spanish Blue",Syed A.,Great product,"Very sturdy product. Sporty and elegant looks.
Good quality colour. Lots of storage.",,Reviewed in India on 10 April 2026,https://www.amazon.in/Aristocrat-Liberty-Combination-International-Warranty/dp/B0FMF4NSXP/ref=sr_1_10?sr=8-10
"Aristocrat Liberty Medium (Check-in) Polypropylene Hard Spinner Trolley Bag, 68Cm|Combination Lock|8 Wheels|3 Years International Warranty|Spanish Blue",Nikita,High quality cabin bag,"The product has an excellent finish, with rubber-coated wheels that ensure silent movement while traveling. The build quality is impressive, and the materials used give it a premium, high-quality feel.",,Reviewed in India on 29 April 2026,https://www.amazon.in/Aristocrat-Liberty-Combination-International-Warranty/dp/B0FMF4NSXP/ref=sr_1_10?sr=8-10
"Aristocrat Liberty Medium (Check-in) Polypropylene Hard Spinner Trolley Bag, 68Cm|Combination Lock|8 Wheels|3 Years International Warranty|Spanish Blue",azon CustomerJuthika Sengupta,Aristricrat cabin suitcase,The item is good.Quite spacious.Good for carrying clothings for 2-3 days,,Reviewed in India on 13 April 2026,https://www.amazon.in/Aristocrat-Liberty-Combination-International-Warranty/dp/B0FMF4NSXP/ref=sr_1_10?sr=8-10
"Aristocrat Liberty Medium (Check-in) Polypropylene Hard Spinner Trolley Bag, 68Cm|Combination Lock|8 Wheels|3 Years International Warranty|Spanish Blue",Dr.Gopaldas Pawan Kumar,Affordable Quality Travel suitcase,Very good affordable travel suitcase. Lightweight with pleasing colour and smooth wheels. Yet to put in use.,,Reviewed in India on 15 April 2026,https://www.amazon.in/Aristocrat-Liberty-Combination-International-Warranty/dp/B0FMF4NSXP/ref=sr_1_10?sr=8-10
"Aristocrat Liberty Medium (Check-in) Polypropylene Hard Spinner Trolley Bag, 68Cm|Combination Lock|8 Wheels|3 Years International Warranty|Spanish Blue",Vinod kumar,Quality must be better,Good but zips and lining belt is not good,,Reviewed in India on 8 April 2026,https://www.amazon.in/Aristocrat-Liberty-Combination-International-Warranty/dp/B0FMF4NSXP/ref=sr_1_10?sr=8-10
"Aristocrat Liberty Medium (Check-in) Polypropylene Hard Spinner Trolley Bag, 68Cm|Combination Lock|8 Wheels|3 Years International Warranty|Spanish Blue",Sunder,Quality,"Overall product is really good given the price point, the handle is not so strong. Not broken but making wierd sound.",,Reviewed in India on 1 April 2026,https://www.amazon.in/Aristocrat-Liberty-Combination-International-Warranty/dp/B0FMF4NSXP/ref=sr_1_10?sr=8-10
Aristocrat Atlas Set of 2 Trolley Bag 55cm & 66cm | Small+Medium | Hard Luggage | Smooth 8-Wheel Suitcase | Secure Combination Lock with Sturdy Zipper | Full Fabric Convipack| 3-Year Warranty (White),Grace,Medim size is perfect for travel purpose for a single use.,Perfect of quality. No damage. Easy to handle and perfect option for travel purpose. This is medium size of 66cm. Recommend to buy. I love it. Thankyou Amazon🥰,,Reviewed in India on 20 April 2026,https://www.amazon.in/Aristocrat-Suitcase-Combination-Convipack-Warranty/dp/B0FPXMK92R/ref=sr_1_11?sr=8-11
Aristocrat Atlas Set of 2 Trolley Bag 55cm & 66cm | Small+Medium | Hard Luggage | Smooth 8-Wheel Suitcase | Secure Combination Lock with Sturdy Zipper | Full Fabric Convipack| 3-Year Warranty (White),ADITYA BHARTI,Good Quality,"The Safari suitcase has very good quality. The material is strong and durable, keeping luggage safe during travel. The wheels move smoothly and the handle is comfortable to use. It is lightweight and stylish, making it easy to carry. Overall, it is a reliable and value-for-money product",,Reviewed in India on 19 February 2026,https://www.amazon.in/Aristocrat-Suitcase-Combination-Convipack-Warranty/dp/B0FPXMK92R/ref=sr_1_11?sr=8-11
Aristocrat Atlas Set of 2 Trolley Bag 55cm & 66cm | Small+Medium | Hard Luggage | Smooth 8-Wheel Suitcase | Secure Combination Lock with Sturdy Zipper | Full Fabric Convipack| 3-Year Warranty (White),neha raroliya,Extremely good trolly,"Good quality
Good material
Sturdy
Lovely color
Size is good
No doubt is a good trolly",,Reviewed in India on 9 April 2026,https://www.amazon.in/Aristocrat-Suitcase-Combination-Convipack-Warranty/dp/B0FPXMK92R/ref=sr_1_11?sr=8-11
Aristocrat Atlas Set of 2 Trolley Bag 55cm & 66cm | Small+Medium | Hard Luggage | Smooth 8-Wheel Suitcase | Secure Combination Lock with Sturdy Zipper | Full Fabric Convipack| 3-Year Warranty (White),Prasad,Value and quality,Quality product and pricing fair as similar ones are sold for 30% more in shopping malls,,Reviewed in India on 4 April 2026,https://www.amazon.in/Aristocrat-Suitcase-Combination-Convipack-Warranty/dp/B0FPXMK92R/ref=sr_1_11?sr=8-11
Aristocrat Atlas Set of 2 Trolley Bag 55cm & 66cm | Small+Medium | Hard Luggage | Smooth 8-Wheel Suitcase | Secure Combination Lock with Sturdy Zipper | Full Fabric Convipack| 3-Year Warranty (White),Placeholder,Highly Disappointed — Poor Quality Control & Not as Pictured. Do Not Buy!,"I strongly advise against purchasing this suitcase. I was incredibly disappointed from the moment I took it out of the box.
First, the product description is misleading. The photos advertise a crisp, white suitcase, but the actual product is a dull off-white color.
Worse than the color mismatch is the appalling lack of quality control. The suitcase arrived looking damaged and hastily thrown together. Here is exactly what I found right out of the packaging:
• Scuff marks and dirt in multiple spots across the exterior shell.
• Terrible finishing around the zipper: The ends are very badly glued, and the rubber sealing is already separating and peeling off.
• Visible debris: Bizarrely, there is literally a piece of masking tape and loose threads visibly sticking out from under the rubber trim.
The only reason I am not returning this immediately is because I have an urgent trip and simply do not have the time to wait for a replacement. I am completely stuck with a damaged, poorly manufactured product.
Do yourself a favor and spend your money elsewhere. The quality is completely unacceptable, and it looks nothing like the item advertised. Avoid this product!",,Reviewed in India on 27 April 2026,https://www.amazon.in/Aristocrat-Suitcase-Combination-Convipack-Warranty/dp/B0FPXMK92R/ref=sr_1_11?sr=8-11
Aristocrat Atlas Set of 2 Trolley Bag 55cm & 66cm | Small+Medium | Hard Luggage | Smooth 8-Wheel Suitcase | Secure Combination Lock with Sturdy Zipper | Full Fabric Convipack| 3-Year Warranty (White),GURUNATH K.,Not sturdy,Material is not sturdy. Average quality. Zips are good.,,Reviewed in India on 20 March 2026,https://www.amazon.in/Aristocrat-Suitcase-Combination-Convipack-Warranty/dp/B0FPXMK92R/ref=sr_1_11?sr=8-11
Aristocrat Atlas Set of 2 Trolley Bag 55cm & 66cm | Small+Medium | Hard Luggage | Smooth 8-Wheel Suitcase | Secure Combination Lock with Sturdy Zipper | Full Fabric Convipack| 3-Year Warranty (White),Arpan Elias Thomas,Good overall,"Good overall product for the price. The handle feels a bit flimsy, but can't ask for too much at this price :) .",,Reviewed in India on 28 April 2026,https://www.amazon.in/Aristocrat-Suitcase-Combination-Convipack-Warranty/dp/B0FPXMK92R/ref=sr_1_11?sr=8-11
Aristocrat Atlas Set of 2 Trolley Bag 55cm & 66cm | Small+Medium | Hard Luggage | Smooth 8-Wheel Suitcase | Secure Combination Lock with Sturdy Zipper | Full Fabric Convipack| 3-Year Warranty (White),Satyam Dubey,Purchase this large size,Nice trolley bag🥰,,Reviewed in India on 29 April 2026,https://www.amazon.in/Aristocrat-Suitcase-Combination-Convipack-Warranty/dp/B0FPXMK92R/ref=sr_1_11?sr=8-11
"Aristocrat Large Polypropylene Airpro Spinner Check-in 75 Cm() 8 Wheels Trolley Bags for Travel Hard Case Luggage, Lightweight Bag with Combination Lock & Robust Trolley with 3 Years Warranty (Blue)",Manan,N/A,N/A,,Reviewed in India on 3 April 2026,https://www.amazon.in/Aristocrat-Trolley-Lightweight-Combination-Warranty/dp/B0D4S1FHLD/ref=sr_1_12?sr=8-12
"Aristocrat Large Polypropylene Airpro Spinner Check-in 75 Cm() 8 Wheels Trolley Bags for Travel Hard Case Luggage, Lightweight Bag with Combination Lock & Robust Trolley with 3 Years Warranty (Blue)",P.K.Rai,N/A,N/A,,Reviewed in India on 1 March 2026,https://www.amazon.in/Aristocrat-Trolley-Lightweight-Combination-Warranty/dp/B0D4S1FHLD/ref=sr_1_12?sr=8-12
"Aristocrat Large Polypropylene Airpro Spinner Check-in 75 Cm() 8 Wheels Trolley Bags for Travel Hard Case Luggage, Lightweight Bag with Combination Lock & Robust Trolley with 3 Years Warranty (Blue)",Vidya,N/A,N/A,,Reviewed in India on 23 April 2026,https://www.amazon.in/Aristocrat-Trolley-Lightweight-Combination-Warranty/dp/B0D4S1FHLD/ref=sr_1_12?sr=8-12
"Aristocrat Large Polypropylene Airpro Spinner Check-in 75 Cm() 8 Wheels Trolley Bags for Travel Hard Case Luggage, Lightweight Bag with Combination Lock & Robust Trolley with 3 Years Warranty (Blue)",Manisha kumari,N/A,N/A,,Reviewed in India on 14 April 2026,https://www.amazon.in/Aristocrat-Trolley-Lightweight-Combination-Warranty/dp/B0D4S1FHLD/ref=sr_1_12?sr=8-12
"Aristocrat Large Polypropylene Airpro Spinner Check-in 75 Cm() 8 Wheels Trolley Bags for Travel Hard Case Luggage, Lightweight Bag with Combination Lock & Robust Trolley with 3 Years Warranty (Blue)",C.Vasavi,N/A,N/A,,Reviewed in India on 27 April 2026,https://www.amazon.in/Aristocrat-Trolley-Lightweight-Combination-Warranty/dp/B0D4S1FHLD/ref=sr_1_12?sr=8-12
"Aristocrat Large Polypropylene Airpro Spinner Check-in 75 Cm() 8 Wheels Trolley Bags for Travel Hard Case Luggage, Lightweight Bag with Combination Lock & Robust Trolley with 3 Years Warranty (Blue)",Aakansha,N/A,N/A,,Reviewed in India on 25 February 2026,https://www.amazon.in/Aristocrat-Trolley-Lightweight-Combination-Warranty/dp/B0D4S1FHLD/ref=sr_1_12?sr=8-12
"Aristocrat Large Polypropylene Airpro Spinner Check-in 75 Cm() 8 Wheels Trolley Bags for Travel Hard Case Luggage, Lightweight Bag with Combination Lock & Robust Trolley with 3 Years Warranty (Blue)",Sunil kumar,N/A,N/A,,Reviewed in India on 25 April 2026,https://www.amazon.in/Aristocrat-Trolley-Lightweight-Combination-Warranty/dp/B0D4S1FHLD/ref=sr_1_12?sr=8-12
"Aristocrat Large Polypropylene Airpro Spinner Check-in 75 Cm() 8 Wheels Trolley Bags for Travel Hard Case Luggage, Lightweight Bag with Combination Lock & Robust Trolley with 3 Years Warranty (Blue)",Md K.,N/A,N/A,,Reviewed in India on 8 March 2026,https://www.amazon.in/Aristocrat-Trolley-Lightweight-Combination-Warranty/dp/B0D4S1FHLD/ref=sr_1_12?sr=8-12
Aristocrat Solana Cabin Trolley Bag 53cm | Small | Hard Luggage | 8-Wheel Suitcase with Laptop Compartment for Business Travel | TSA Lock with Anti-Theft Zipper | 3 Years International Warranty (Blue),Himanshu Saini,N/A,N/A,,Reviewed in India on 28 April 2026,https://www.amazon.in/Aristocrat-Suitcase-Compartment-Anti-Theft-International/dp/B0GVSH9MJD/ref=sr_1_13?sr=8-13
Aristocrat Solana Cabin Trolley Bag 53cm | Small | Hard Luggage | 8-Wheel Suitcase with Laptop Compartment for Business Travel | TSA Lock with Anti-Theft Zipper | 3 Years International Warranty (Blue),Bhavna,N/A,N/A,,Reviewed in India on 30 April 2026,https://www.amazon.in/Aristocrat-Suitcase-Compartment-Anti-Theft-International/dp/B0GVSH9MJD/ref=sr_1_13?sr=8-13
Aristocrat Solana Cabin Trolley Bag 53cm | Small | Hard Luggage | 8-Wheel Suitcase with Laptop Compartment for Business Travel | TSA Lock with Anti-Theft Zipper | 3 Years International Warranty (Blue),Placeholder,N/A,N/A,,Reviewed in India on 27 April 2026,https://www.amazon.in/Aristocrat-Suitcase-Compartment-Anti-Theft-International/dp/B0GVSH9MJD/ref=sr_1_13?sr=8-13
Aristocrat Solana Cabin Trolley Bag 53cm | Small | Hard Luggage | 8-Wheel Suitcase with Laptop Compartment for Business Travel | TSA Lock with Anti-Theft Zipper | 3 Years International Warranty (Blue),Kamal Jyoti gangwar,N/A,N/A,,Reviewed in India on 28 August 2024,https://www.amazon.in/Aristocrat-Suitcase-Compartment-Anti-Theft-International/dp/B0GVSH9MJD/ref=sr_1_13?sr=8-13
Aristocrat Solana Cabin Trolley Bag 53cm | Small | Hard Luggage | 8-Wheel Suitcase with Laptop Compartment for Business Travel | TSA Lock with Anti-Theft Zipper | 3 Years International Warranty (Blue),Mariam,N/A,N/A,,Reviewed in India on 25 April 2026,https://www.amazon.in/Aristocrat-Suitcase-Compartment-Anti-Theft-International/dp/B0GVSH9MJD/ref=sr_1_13?sr=8-13
Aristocrat Solana Cabin Trolley Bag 53cm | Small | Hard Luggage | 8-Wheel Suitcase with Laptop Compartment for Business Travel | TSA Lock with Anti-Theft Zipper | 3 Years International Warranty (Blue),Joshi adireddi,N/A,N/A,,Reviewed in India on 2 August 2024,https://www.amazon.in/Aristocrat-Suitcase-Compartment-Anti-Theft-International/dp/B0GVSH9MJD/ref=sr_1_13?sr=8-13
Aristocrat Solana Cabin Trolley Bag 53cm | Small | Hard Luggage | 8-Wheel Suitcase with Laptop Compartment for Business Travel | TSA Lock with Anti-Theft Zipper | 3 Years International Warranty (Blue),Psychlone,N/A,N/A,,Reviewed in India on 30 April 2026,https://www.amazon.in/Aristocrat-Suitcase-Compartment-Anti-Theft-International/dp/B0GVSH9MJD/ref=sr_1_13?sr=8-13
Aristocrat Solana Cabin Trolley Bag 53cm | Small | Hard Luggage | 8-Wheel Suitcase with Laptop Compartment for Business Travel | TSA Lock with Anti-Theft Zipper | 3 Years International Warranty (Blue),Nandita,N/A,N/A,,Reviewed in India on 30 April 2026,https://www.amazon.in/Aristocrat-Suitcase-Compartment-Anti-Theft-International/dp/B0GVSH9MJD/ref=sr_1_13?sr=8-13
Aristocrat Medium Commander 69Cms Premium Polyester with PVC Coating Soft Sided Check-in 4 Spinner Wheels Black Suitcase,Shalini,N/A,N/A,,Reviewed in India on 23 March 2026,https://www.amazon.in/Aristocrat-Commander-Premium-Polyester-Suitcase/dp/B0C1K5S9X4/ref=sr_1_14?sr=8-14
Aristocrat Medium Commander 69Cms Premium Polyester with PVC Coating Soft Sided Check-in 4 Spinner Wheels Black Suitcase,Neelam Tiwari,N/A,N/A,,Reviewed in India on 9 April 2026,https://www.amazon.in/Aristocrat-Commander-Premium-Polyester-Suitcase/dp/B0C1K5S9X4/ref=sr_1_14?sr=8-14
Aristocrat Medium Commander 69Cms Premium Polyester with PVC Coating Soft Sided Check-in 4 Spinner Wheels Black Suitcase,Hardika,N/A,N/A,,Reviewed in India on 18 December 2025,https://www.amazon.in/Aristocrat-Commander-Premium-Polyester-Suitcase/dp/B0C1K5S9X4/ref=sr_1_14?sr=8-14
Aristocrat Medium Commander 69Cms Premium Polyester with PVC Coating Soft Sided Check-in 4 Spinner Wheels Black Suitcase,zakaliya kirya,N/A,N/A,,Reviewed in India on 24 April 2026,https://www.amazon.in/Aristocrat-Commander-Premium-Polyester-Suitcase/dp/B0C1K5S9X4/ref=sr_1_14?sr=8-14
Aristocrat Medium Commander 69Cms Premium Polyester with PVC Coating Soft Sided Check-in 4 Spinner Wheels Black Suitcase,Asmar Khan,N/A,N/A,,Reviewed in India on 27 January 2026,https://www.amazon.in/Aristocrat-Commander-Premium-Polyester-Suitcase/dp/B0C1K5S9X4/ref=sr_1_14?sr=8-14
Aristocrat Medium Commander 69Cms Premium Polyester with PVC Coating Soft Sided Check-in 4 Spinner Wheels Black Suitcase,Amazon Customer,N/A,N/A,,Reviewed in India on 21 April 2026,https://www.amazon.in/Aristocrat-Commander-Premium-Polyester-Suitcase/dp/B0C1K5S9X4/ref=sr_1_14?sr=8-14
Aristocrat Medium Commander 69Cms Premium Polyester with PVC Coating Soft Sided Check-in 4 Spinner Wheels Black Suitcase,Ajay,N/A,N/A,,Reviewed in India on 2 April 2026,https://www.amazon.in/Aristocrat-Commander-Premium-Polyester-Suitcase/dp/B0C1K5S9X4/ref=sr_1_14?sr=8-14
Aristocrat Medium Commander 69Cms Premium Polyester with PVC Coating Soft Sided Check-in 4 Spinner Wheels Black Suitcase,Amazon Customer,N/A,N/A,,Reviewed in India on 27 April 2026,https://www.amazon.in/Aristocrat-Commander-Premium-Polyester-Suitcase/dp/B0C1K5S9X4/ref=sr_1_14?sr=8-14
Aristocrat Atlas Check-in Trolley Bag 66cm | Medium | Hard Luggage | Smooth 8-Wheel Suitcase | Secure Combination Lock with Sturdy Zipper | Full Fabric Convipack | 3-Year Warranty (Teal Blue),Grace,N/A,N/A,,Reviewed in India on 20 April 2026,https://www.amazon.in/Aristocrat-Suitcase-Combination-Convipack-Warranty/dp/B0FPXK5JRQ/ref=sr_1_15?sr=8-15
Aristocrat Atlas Check-in Trolley Bag 66cm | Medium | Hard Luggage | Smooth 8-Wheel Suitcase | Secure Combination Lock with Sturdy Zipper | Full Fabric Convipack | 3-Year Warranty (Teal Blue),ADITYA BHARTI,N/A,N/A,,Reviewed in India on 19 February 2026,https://www.amazon.in/Aristocrat-Suitcase-Combination-Convipack-Warranty/dp/B0FPXK5JRQ/ref=sr_1_15?sr=8-15
Aristocrat Atlas Check-in Trolley Bag 66cm | Medium | Hard Luggage | Smooth 8-Wheel Suitcase | Secure Combination Lock with Sturdy Zipper | Full Fabric Convipack | 3-Year Warranty (Teal Blue),neha raroliya,N/A,N/A,,Reviewed in India on 9 April 2026,https://www.amazon.in/Aristocrat-Suitcase-Combination-Convipack-Warranty/dp/B0FPXK5JRQ/ref=sr_1_15?sr=8-15
Aristocrat Atlas Check-in Trolley Bag 66cm | Medium | Hard Luggage | Smooth 8-Wheel Suitcase | Secure Combination Lock with Sturdy Zipper | Full Fabric Convipack | 3-Year Warranty (Teal Blue),Prasad,N/A,N/A,,Reviewed in India on 4 April 2026,https://www.amazon.in/Aristocrat-Suitcase-Combination-Convipack-Warranty/dp/B0FPXK5JRQ/ref=sr_1_15?sr=8-15
Aristocrat Atlas Check-in Trolley Bag 66cm | Medium | Hard Luggage | Smooth 8-Wheel Suitcase | Secure Combination Lock with Sturdy Zipper | Full Fabric Convipack | 3-Year Warranty (Teal Blue),Placeholder,N/A,N/A,,Reviewed in India on 27 April 2026,https://www.amazon.in/Aristocrat-Suitcase-Combination-Convipack-Warranty/dp/B0FPXK5JRQ/ref=sr_1_15?sr=8-15
Aristocrat Atlas Check-in Trolley Bag 66cm | Medium | Hard Luggage | Smooth 8-Wheel Suitcase | Secure Combination Lock with Sturdy Zipper | Full Fabric Convipack | 3-Year Warranty (Teal Blue),GURUNATH K.,N/A,N/A,,Reviewed in India on 20 March 2026,https://www.amazon.in/Aristocrat-Suitcase-Combination-Convipack-Warranty/dp/B0FPXK5JRQ/ref=sr_1_15?sr=8-15
Aristocrat Atlas Check-in Trolley Bag 66cm | Medium | Hard Luggage | Smooth 8-Wheel Suitcase | Secure Combination Lock with Sturdy Zipper | Full Fabric Convipack | 3-Year Warranty (Teal Blue),Arpan Elias Thomas,N/A,N/A,,Reviewed in India on 28 April 2026,https://www.amazon.in/Aristocrat-Suitcase-Combination-Convipack-Warranty/dp/B0FPXK5JRQ/ref=sr_1_15?sr=8-15
Aristocrat Atlas Check-in Trolley Bag 66cm | Medium | Hard Luggage | Smooth 8-Wheel Suitcase | Secure Combination Lock with Sturdy Zipper | Full Fabric Convipack | 3-Year Warranty (Teal Blue),Satyam Dubey,N/A,N/A,,Reviewed in India on 29 April 2026,https://www.amazon.in/Aristocrat-Suitcase-Combination-Convipack-Warranty/dp/B0FPXK5JRQ/ref=sr_1_15?sr=8-15
Nasher Miles Springfield Hard-Sided Polypropylene Check-in Luggage 28 inch | 75cm | 8 Wheels Large Trolley Bag for Travel | Suitcase (Cool Mint),Kushboo,Bit costly😕 but satisfied😁👍,The look is sooo soo good and stylish.. it's spacious on both sides.. Best buy. Value for money. Scratch resistance but you should be a bit careful about scars as the colour is light. It's light weight and durable.,,Reviewed in India on 27 March 2025,https://www.amazon.in/Nasher-Miles-Springfield-Hard-Sided-Polypropylene/dp/B0D47KQ81Z/ref=sr_1_5?sr=8-5
Nasher Miles Springfield Hard-Sided Polypropylene Check-in Luggage 28 inch | 75cm | 8 Wheels Large Trolley Bag for Travel | Suitcase (Cool Mint),Pallav Jadav,Extremely Disappointed with Nasher Miles - Handle Bracket Broken,"I was initially impressed by the sleek and stylish look of the Nasher Miles trolley bag. However, my excitement quickly turned to disappointment when I noticed that the handle bracket was broken right out of the box. This is a critical part of the bag, and its poor quality makes the entire product unreliable.

While the design is appealing, it’s clear that the quality doesn’t match the appearance. I expected much better durability for the price I paid. A broken handle bracket renders the bag almost unusable, and it’s frustrating to deal with such an issue with a brand that claims to deliver quality products.

Unfortunately, I cannot recommend this bag unless Nasher Miles improves their quality control. A good look is pointless if the bag can't hold up to basic use.",,Reviewed in India on 26 November 2024,https://www.amazon.in/Nasher-Miles-Springfield-Hard-Sided-Polypropylene/dp/B0D47KQ81Z/ref=sr_1_5?sr=8-5
Nasher Miles Springfield Hard-Sided Polypropylene Check-in Luggage 28 inch | 75cm | 8 Wheels Large Trolley Bag for Travel | Suitcase (Cool Mint),Prajwal C,The design Nasher miles has no one can copy it looks so premium at this price best product i had,Best product with premium look...,,Reviewed in India on 5 December 2025,https://www.amazon.in/Nasher-Miles-Springfield-Hard-Sided-Polypropylene/dp/B0D47KQ81Z/ref=sr_1_5?sr=8-5
Nasher Miles Springfield Hard-Sided Polypropylene Check-in Luggage 28 inch | 75cm | 8 Wheels Large Trolley Bag for Travel | Suitcase (Cool Mint),Grateful..,"Great Design & Space, But Wheel Quality Can Improve","The suitcase is spacious, stylish, and overall the build quality is good. However, one of the wheels broke during our travel. On the positive side, the company was very prompt in sending a replacement wheel under warranty, which I really appreciated.

That said, I do feel the wheel quality could be improved. I purchased a suitcase from Safari at the same time and both were handled in a similar way during travel, but the wheels on the Safari suitcase seem sturdier compared to Nasher.

Overall, Nasher has a better design and build aesthetics, but improving the wheel quality would make it an even better product.",,Reviewed in India on 9 March 2026,https://www.amazon.in/Nasher-Miles-Springfield-Hard-Sided-Polypropylene/dp/B0D47KQ81Z/ref=sr_1_5?sr=8-5
Nasher Miles Springfield Hard-Sided Polypropylene Check-in Luggage 28 inch | 75cm | 8 Wheels Large Trolley Bag for Travel | Suitcase (Cool Mint),Karan,Good stuff,Works well so far. Been a year.. and I have no complaints. Its tough and looks very good.,,Reviewed in India on 9 March 2026,https://www.amazon.in/Nasher-Miles-Springfield-Hard-Sided-Polypropylene/dp/B0D47KQ81Z/ref=sr_1_5?sr=8-5
Nasher Miles Springfield Hard-Sided Polypropylene Check-in Luggage 28 inch | 75cm | 8 Wheels Large Trolley Bag for Travel | Suitcase (Cool Mint),Placeholder,Good,It’s a nice one with pockets inside. I took it for my short work journeys. Hope it will work long:),,Reviewed in India on 18 November 2024,https://www.amazon.in/Nasher-Miles-Springfield-Hard-Sided-Polypropylene/dp/B0D47KQ81Z/ref=sr_1_5?sr=8-5
Nasher Miles Springfield Hard-Sided Polypropylene Check-in Luggage 28 inch | 75cm | 8 Wheels Large Trolley Bag for Travel | Suitcase (Cool Mint),Ela,Quality,The product quality is so bad that the zipper broke after two trips. I raised complaint to Nasher miles team and the reply was to get it fixed outside at a local shop and share the bill for reimbursement. Such a poor quality product with poorest quality customer support. I would highly recommend go for some reputed brands than companies like this which just live on shark tank fame!,,Reviewed in India on 19 July 2025,https://www.amazon.in/Nasher-Miles-Springfield-Hard-Sided-Polypropylene/dp/B0D47KQ81Z/ref=sr_1_5?sr=8-5
Nasher Miles Springfield Hard-Sided Polypropylene Check-in Luggage 28 inch | 75cm | 8 Wheels Large Trolley Bag for Travel | Suitcase (Cool Mint),Pratik Jagadale,Low storage space,Overall build quality is good but handle quality is not that much good. And storage space is low. Also what is storgae capacity is not mentioned in specs.,,Reviewed in India on 5 November 2025,https://www.amazon.in/Nasher-Miles-Springfield-Hard-Sided-Polypropylene/dp/B0D47KQ81Z/ref=sr_1_5?sr=8-5
Nasher Miles Boston Hard-Sided Polypropylene Cabin Luggage 20 inch | 55cm | 8 Wheels Double Spinner Small Trolley Bag for Travel | Suitcase (Grey),Chetan Kanungo,N/A,N/A,,Reviewed in India on 20 April 2026,https://www.amazon.in/Nasher-Miles-Hard-Sided-Polypropylene-Suitcase/dp/B0D766WDBV/ref=sr_1_6?sr=8-6
Nasher Miles Boston Hard-Sided Polypropylene Cabin Luggage 20 inch | 55cm | 8 Wheels Double Spinner Small Trolley Bag for Travel | Suitcase (Grey),Atul Negi,N/A,N/A,,Reviewed in India on 8 September 2024,https://www.amazon.in/Nasher-Miles-Hard-Sided-Polypropylene-Suitcase/dp/B0D766WDBV/ref=sr_1_6?sr=8-6
Nasher Miles Boston Hard-Sided Polypropylene Cabin Luggage 20 inch | 55cm | 8 Wheels Double Spinner Small Trolley Bag for Travel | Suitcase (Grey),MD KAMRUZZAMAN,N/A,N/A,,Reviewed in India on 26 April 2026,https://www.amazon.in/Nasher-Miles-Hard-Sided-Polypropylene-Suitcase/dp/B0D766WDBV/ref=sr_1_6?sr=8-6
Nasher Miles Boston Hard-Sided Polypropylene Cabin Luggage 20 inch | 55cm | 8 Wheels Double Spinner Small Trolley Bag for Travel | Suitcase (Grey),Shubham,N/A,N/A,,Reviewed in India on 15 January 2026,https://www.amazon.in/Nasher-Miles-Hard-Sided-Polypropylene-Suitcase/dp/B0D766WDBV/ref=sr_1_6?sr=8-6
Nasher Miles Boston Hard-Sided Polypropylene Cabin Luggage 20 inch | 55cm | 8 Wheels Double Spinner Small Trolley Bag for Travel | Suitcase (Grey),Aswin,N/A,N/A,,Reviewed in India on 2 February 2026,https://www.amazon.in/Nasher-Miles-Hard-Sided-Polypropylene-Suitcase/dp/B0D766WDBV/ref=sr_1_6?sr=8-6
Nasher Miles Boston Hard-Sided Polypropylene Cabin Luggage 20 inch | 55cm | 8 Wheels Double Spinner Small Trolley Bag for Travel | Suitcase (Grey),Vasudevan Shashin,N/A,N/A,,Reviewed in India on 8 January 2026,https://www.amazon.in/Nasher-Miles-Hard-Sided-Polypropylene-Suitcase/dp/B0D766WDBV/ref=sr_1_6?sr=8-6
Nasher Miles Boston Hard-Sided Polypropylene Cabin Luggage 20 inch | 55cm | 8 Wheels Double Spinner Small Trolley Bag for Travel | Suitcase (Grey),BISWA BHUYAN,N/A,N/A,,Reviewed in India on 12 December 2025,https://www.amazon.in/Nasher-Miles-Hard-Sided-Polypropylene-Suitcase/dp/B0D766WDBV/ref=sr_1_6?sr=8-6
Nasher Miles Boston Hard-Sided Polypropylene Cabin Luggage 20 inch | 55cm | 8 Wheels Double Spinner Small Trolley Bag for Travel | Suitcase (Grey),Shweta,N/A,N/A,,Reviewed in India on 1 August 2025,https://www.amazon.in/Nasher-Miles-Hard-Sided-Polypropylene-Suitcase/dp/B0D766WDBV/ref=sr_1_6?sr=8-6
Nasher Miles Polypropylene 360 Degree Paris Hard-Sided Cabin Luggage 20 inch | 55cm | 8 Wheels Small Trolley Bag for Travel | Suitcase (Pastel Green),Mayuri patel,Stylish interiors,Good quality Cabin size bag with secure lock system,,Reviewed in India on 12 April 2026,https://www.amazon.in/Nasher-Miles-Hard-Sided-Polypropylene-Luggage/dp/B09G72J5Y6/ref=sr_1_7?sr=8-7
Nasher Miles Polypropylene 360 Degree Paris Hard-Sided Cabin Luggage 20 inch | 55cm | 8 Wheels Small Trolley Bag for Travel | Suitcase (Pastel Green),SAMBARA GAMANGA,Reviewed over product,"Ease of use, lock quality, authenticity. Cost is high.",,Reviewed in India on 7 February 2026,https://www.amazon.in/Nasher-Miles-Hard-Sided-Polypropylene-Luggage/dp/B09G72J5Y6/ref=sr_1_7?sr=8-7
Nasher Miles Polypropylene 360 Degree Paris Hard-Sided Cabin Luggage 20 inch | 55cm | 8 Wheels Small Trolley Bag for Travel | Suitcase (Pastel Green),Amazon Customer,Suitcase,Good product I ordered medium size of the maroon red colour pretty God sturdy high quality 👌,,Reviewed in India on 6 April 2026,https://www.amazon.in/Nasher-Miles-Hard-Sided-Polypropylene-Luggage/dp/B09G72J5Y6/ref=sr_1_7?sr=8-7
Nasher Miles Polypropylene 360 Degree Paris Hard-Sided Cabin Luggage 20 inch | 55cm | 8 Wheels Small Trolley Bag for Travel | Suitcase (Pastel Green),MD Firoz,Good,Bahut achcha quality hai,,Reviewed in India on 14 April 2026,https://www.amazon.in/Nasher-Miles-Hard-Sided-Polypropylene-Luggage/dp/B09G72J5Y6/ref=sr_1_7?sr=8-7
Nasher Miles Polypropylene 360 Degree Paris Hard-Sided Cabin Luggage 20 inch | 55cm | 8 Wheels Small Trolley Bag for Travel | Suitcase (Pastel Green),Jassi Meerpuria,Buy buy buy buy,"Very nice color or nice quality lock is good space very good no bags have space like this ha but after one 2 time used little dirty while flights
I’ll order cabin bag also",,Reviewed in India on 6 March 2026,https://www.amazon.in/Nasher-Miles-Hard-Sided-Polypropylene-Luggage/dp/B09G72J5Y6/ref=sr_1_7?sr=8-7
Nasher Miles Polypropylene 360 Degree Paris Hard-Sided Cabin Luggage 20 inch | 55cm | 8 Wheels Small Trolley Bag for Travel | Suitcase (Pastel Green),Syed A.,Very poor quality,"Very ordinary quality. No proper balance, not sturdy enough.
On top of that I was delivered a different colour

I returned this in the first go.",,Reviewed in India on 10 April 2026,https://www.amazon.in/Nasher-Miles-Hard-Sided-Polypropylene-Luggage/dp/B09G72J5Y6/ref=sr_1_7?sr=8-7
Nasher Miles Polypropylene 360 Degree Paris Hard-Sided Cabin Luggage 20 inch | 55cm | 8 Wheels Small Trolley Bag for Travel | Suitcase (Pastel Green),Nachi,Good looking but needs improvements.,"Love the bags and travel locks. I wish I could buy more now that I have left India. The case quality and design are top notch and the manoeuvrability is great compared to my safari bags. They are slightly compact compared to safari however they can accommodate more or less up to 23kg.
UPdate 1: After landing I noticed a lot more scratches than my 3 year old Safari bag. They seem to not have any protection on the surface. Hence the 3* review .",,Reviewed in India on 4 November 2025,https://www.amazon.in/Nasher-Miles-Hard-Sided-Polypropylene-Luggage/dp/B09G72J5Y6/ref=sr_1_7?sr=8-7
Nasher Miles Polypropylene 360 Degree Paris Hard-Sided Cabin Luggage 20 inch | 55cm | 8 Wheels Small Trolley Bag for Travel | Suitcase (Pastel Green),Sunetra Ray,It's spaciousness and light weight,"The suitcase is very good and fits in a lot of things
I bought it for my Grand daughter who is very happy not only with colour but also because it fitted in all her clothes books etc. A good buy and very reasonable cost.",,Reviewed in India on 5 September 2025,https://www.amazon.in/Nasher-Miles-Hard-Sided-Polypropylene-Luggage/dp/B09G72J5Y6/ref=sr_1_7?sr=8-7
Nasher Miles Paris Hard-Sided Polypropylene Cabin Luggage 20 inch | 55cm | 8 Wheels Double Spinner Small Trolley Bag for Travel | Suitcase (Navy Blue),Mayuri patel,Stylish interiors,Good quality Cabin size bag with secure lock system,,Reviewed in India on 12 April 2026,https://www.amazon.in/Nasher-Miles-Paris-Navy-Blue/dp/B09G74MNFL/ref=sr_1_8?sr=8-8
Nasher Miles Paris Hard-Sided Polypropylene Cabin Luggage 20 inch | 55cm | 8 Wheels Double Spinner Small Trolley Bag for Travel | Suitcase (Navy Blue),SAMBARA GAMANGA,Reviewed over product,"Ease of use, lock quality, authenticity. Cost is high.",,Reviewed in India on 7 February 2026,https://www.amazon.in/Nasher-Miles-Paris-Navy-Blue/dp/B09G74MNFL/ref=sr_1_8?sr=8-8
Nasher Miles Paris Hard-Sided Polypropylene Cabin Luggage 20 inch | 55cm | 8 Wheels Double Spinner Small Trolley Bag for Travel | Suitcase (Navy Blue),Amazon Customer,Suitcase,Good product I ordered medium size of the maroon red colour pretty God sturdy high quality 👌,,Reviewed in India on 6 April 2026,https://www.amazon.in/Nasher-Miles-Paris-Navy-Blue/dp/B09G74MNFL/ref=sr_1_8?sr=8-8
Nasher Miles Paris Hard-Sided Polypropylene Cabin Luggage 20 inch | 55cm | 8 Wheels Double Spinner Small Trolley Bag for Travel | Suitcase (Navy Blue),MD Firoz,Good,Bahut achcha quality hai,,Reviewed in India on 14 April 2026,https://www.amazon.in/Nasher-Miles-Paris-Navy-Blue/dp/B09G74MNFL/ref=sr_1_8?sr=8-8
Nasher Miles Paris Hard-Sided Polypropylene Cabin Luggage 20 inch | 55cm | 8 Wheels Double Spinner Small Trolley Bag for Travel | Suitcase (Navy Blue),Jassi Meerpuria,Buy buy buy buy,"Very nice color or nice quality lock is good space very good no bags have space like this ha but after one 2 time used little dirty while flights
I’ll order cabin bag also",,Reviewed in India on 6 March 2026,https://www.amazon.in/Nasher-Miles-Paris-Navy-Blue/dp/B09G74MNFL/ref=sr_1_8?sr=8-8
Nasher Miles Paris Hard-Sided Polypropylene Cabin Luggage 20 inch | 55cm | 8 Wheels Double Spinner Small Trolley Bag for Travel | Suitcase (Navy Blue),Syed A.,Very poor quality,"Very ordinary quality. No proper balance, not sturdy enough.
On top of that I was delivered a different colour

I returned this in the first go.",,Reviewed in India on 10 April 2026,https://www.amazon.in/Nasher-Miles-Paris-Navy-Blue/dp/B09G74MNFL/ref=sr_1_8?sr=8-8
Nasher Miles Paris Hard-Sided Polypropylene Cabin Luggage 20 inch | 55cm | 8 Wheels Double Spinner Small Trolley Bag for Travel | Suitcase (Navy Blue),Nachi,Good looking but needs improvements.,"Love the bags and travel locks. I wish I could buy more now that I have left India. The case quality and design are top notch and the manoeuvrability is great compared to my safari bags. They are slightly compact compared to safari however they can accommodate more or less up to 23kg.
UPdate 1: After landing I noticed a lot more scratches than my 3 year old Safari bag. They seem to not have any protection on the surface. Hence the 3* review .",,Reviewed in India on 4 November 2025,https://www.amazon.in/Nasher-Miles-Paris-Navy-Blue/dp/B09G74MNFL/ref=sr_1_8?sr=8-8
Nasher Miles Paris Hard-Sided Polypropylene Cabin Luggage 20 inch | 55cm | 8 Wheels Double Spinner Small Trolley Bag for Travel | Suitcase (Navy Blue),Sunetra Ray,It's spaciousness and light weight,"The suitcase is very good and fits in a lot of things
I bought it for my Grand daughter who is very happy not only with colour but also because it fitted in all her clothes books etc. A good buy and very reasonable cost.",,Reviewed in India on 5 September 2025,https://www.amazon.in/Nasher-Miles-Paris-Navy-Blue/dp/B09G74MNFL/ref=sr_1_8?sr=8-8
Nasher Miles Paris Hard-Sided Polypropylene Check-in Luggage 24 inch | 65cm | 8 Wheels Medium Trolley Bag for Travel | Suitcase (Grey),Mayuri patel,N/A,N/A,,Reviewed in India on 12 April 2026,https://www.amazon.in/Nasher-Miles-Hard-Sided-Polypropylene-Suitcase/dp/B0GCZJR5ZY/ref=sr_1_9?sr=8-9
Nasher Miles Paris Hard-Sided Polypropylene Check-in Luggage 24 inch | 65cm | 8 Wheels Medium Trolley Bag for Travel | Suitcase (Grey),SAMBARA GAMANGA,N/A,N/A,,Reviewed in India on 7 February 2026,https://www.amazon.in/Nasher-Miles-Hard-Sided-Polypropylene-Suitcase/dp/B0GCZJR5ZY/ref=sr_1_9?sr=8-9
Nasher Miles Paris Hard-Sided Polypropylene Check-in Luggage 24 inch | 65cm | 8 Wheels Medium Trolley Bag for Travel | Suitcase (Grey),Amazon Customer,N/A,N/A,,Reviewed in India on 6 April 2026,https://www.amazon.in/Nasher-Miles-Hard-Sided-Polypropylene-Suitcase/dp/B0GCZJR5ZY/ref=sr_1_9?sr=8-9
Nasher Miles Paris Hard-Sided Polypropylene Check-in Luggage 24 inch | 65cm | 8 Wheels Medium Trolley Bag for Travel | Suitcase (Grey),MD Firoz,N/A,N/A,,Reviewed in India on 14 April 2026,https://www.amazon.in/Nasher-Miles-Hard-Sided-Polypropylene-Suitcase/dp/B0GCZJR5ZY/ref=sr_1_9?sr=8-9
Nasher Miles Paris Hard-Sided Polypropylene Check-in Luggage 24 inch | 65cm | 8 Wheels Medium Trolley Bag for Travel | Suitcase (Grey),Jassi Meerpuria,N/A,N/A,,Reviewed in India on 6 March 2026,https://www.amazon.in/Nasher-Miles-Hard-Sided-Polypropylene-Suitcase/dp/B0GCZJR5ZY/ref=sr_1_9?sr=8-9
Nasher Miles Paris Hard-Sided Polypropylene Check-in Luggage 24 inch | 65cm | 8 Wheels Medium Trolley Bag for Travel | Suitcase (Grey),Syed A.,N/A,N/A,,Reviewed in India on 10 April 2026,https://www.amazon.in/Nasher-Miles-Hard-Sided-Polypropylene-Suitcase/dp/B0GCZJR5ZY/ref=sr_1_9?sr=8-9
Nasher Miles Paris Hard-Sided Polypropylene Check-in Luggage 24 inch | 65cm | 8 Wheels Medium Trolley Bag for Travel | Suitcase (Grey),Nachi,N/A,N/A,,Reviewed in India on 4 November 2025,https://www.amazon.in/Nasher-Miles-Hard-Sided-Polypropylene-Suitcase/dp/B0GCZJR5ZY/ref=sr_1_9?sr=8-9
Nasher Miles Paris Hard-Sided Polypropylene Check-in Luggage 24 inch | 65cm | 8 Wheels Medium Trolley Bag for Travel | Suitcase (Grey),Sunetra Ray,N/A,N/A,,Reviewed in India on 5 September 2025,https://www.amazon.in/Nasher-Miles-Hard-Sided-Polypropylene-Suitcase/dp/B0GCZJR5ZY/ref=sr_1_9?sr=8-9
Nasher Miles Paris Hard-Sided Polypropylene Check-in Luggage 24 inch | 65cm | 8 Wheels Medium Trolley Bag for Travel | Suitcase (Peach),Mayuri patel,N/A,N/A,,Reviewed in India on 12 April 2026,https://www.amazon.in/Nasher-Miles-Paris-Polypropylene-Peach/dp/B09G715R22/ref=sr_1_10?sr=8-10
Nasher Miles Paris Hard-Sided Polypropylene Check-in Luggage 24 inch | 65cm | 8 Wheels Medium Trolley Bag for Travel | Suitcase (Peach),SAMBARA GAMANGA,N/A,N/A,,Reviewed in India on 7 February 2026,https://www.amazon.in/Nasher-Miles-Paris-Polypropylene-Peach/dp/B09G715R22/ref=sr_1_10?sr=8-10
Nasher Miles Paris Hard-Sided Polypropylene Check-in Luggage 24 inch | 65cm | 8 Wheels Medium Trolley Bag for Travel | Suitcase (Peach),Amazon Customer,N/A,N/A,,Reviewed in India on 6 April 2026,https://www.amazon.in/Nasher-Miles-Paris-Polypropylene-Peach/dp/B09G715R22/ref=sr_1_10?sr=8-10
Nasher Miles Paris Hard-Sided Polypropylene Check-in Luggage 24 inch | 65cm | 8 Wheels Medium Trolley Bag for Travel | Suitcase (Peach),MD Firoz,N/A,N/A,,Reviewed in India on 14 April 2026,https://www.amazon.in/Nasher-Miles-Paris-Polypropylene-Peach/dp/B09G715R22/ref=sr_1_10?sr=8-10
Nasher Miles Paris Hard-Sided Polypropylene Check-in Luggage 24 inch | 65cm | 8 Wheels Medium Trolley Bag for Travel | Suitcase (Peach),Jassi Meerpuria,N/A,N/A,,Reviewed in India on 6 March 2026,https://www.amazon.in/Nasher-Miles-Paris-Polypropylene-Peach/dp/B09G715R22/ref=sr_1_10?sr=8-10
Nasher Miles Paris Hard-Sided Polypropylene Check-in Luggage 24 inch | 65cm | 8 Wheels Medium Trolley Bag for Travel | Suitcase (Peach),Syed A.,N/A,N/A,,Reviewed in India on 10 April 2026,https://www.amazon.in/Nasher-Miles-Paris-Polypropylene-Peach/dp/B09G715R22/ref=sr_1_10?sr=8-10
Nasher Miles Paris Hard-Sided Polypropylene Check-in Luggage 24 inch | 65cm | 8 Wheels Medium Trolley Bag for Travel | Suitcase (Peach),Nachi,N/A,N/A,,Reviewed in India on 4 November 2025,https://www.amazon.in/Nasher-Miles-Paris-Polypropylene-Peach/dp/B09G715R22/ref=sr_1_10?sr=8-10
Nasher Miles Paris Hard-Sided Polypropylene Check-in Luggage 24 inch | 65cm | 8 Wheels Medium Trolley Bag for Travel | Suitcase (Peach),Sunetra Ray,N/A,N/A,,Reviewed in India on 5 September 2025,https://www.amazon.in/Nasher-Miles-Paris-Polypropylene-Peach/dp/B09G715R22/ref=sr_1_10?sr=8-10
Nasher Miles Large Vienna Hard-Sided Polypropylene Double Spinner Check-in Luggage 28 inch | 75cm | 8 Wheels Trolley Bag for Travel | Suitcase (Cream White),I.B.PATHAK,N/A,N/A,,Reviewed in India on 25 March 2025,https://www.amazon.in/Nasher-Miles-Hard-Sided-Polypropylene-Luggage/dp/B0CGTXL5V1/ref=sr_1_11?sr=8-11
Nasher Miles Large Vienna Hard-Sided Polypropylene Double Spinner Check-in Luggage 28 inch | 75cm | 8 Wheels Trolley Bag for Travel | Suitcase (Cream White),Guna sagar,N/A,N/A,,Reviewed in India on 10 January 2026,https://www.amazon.in/Nasher-Miles-Hard-Sided-Polypropylene-Luggage/dp/B0CGTXL5V1/ref=sr_1_11?sr=8-11
Nasher Miles Large Vienna Hard-Sided Polypropylene Double Spinner Check-in Luggage 28 inch | 75cm | 8 Wheels Trolley Bag for Travel | Suitcase (Cream White),Vinay,N/A,N/A,,Reviewed in India on 6 January 2026,https://www.amazon.in/Nasher-Miles-Hard-Sided-Polypropylene-Luggage/dp/B0CGTXL5V1/ref=sr_1_11?sr=8-11
Nasher Miles Large Vienna Hard-Sided Polypropylene Double Spinner Check-in Luggage 28 inch | 75cm | 8 Wheels Trolley Bag for Travel | Suitcase (Cream White),avi,N/A,N/A,,Reviewed in India on 16 January 2026,https://www.amazon.in/Nasher-Miles-Hard-Sided-Polypropylene-Luggage/dp/B0CGTXL5V1/ref=sr_1_11?sr=8-11
Nasher Miles Large Vienna Hard-Sided Polypropylene Double Spinner Check-in Luggage 28 inch | 75cm | 8 Wheels Trolley Bag for Travel | Suitcase (Cream White),Raushan kumar,N/A,N/A,,Reviewed in India on 4 March 2026,https://www.amazon.in/Nasher-Miles-Hard-Sided-Polypropylene-Luggage/dp/B0CGTXL5V1/ref=sr_1_11?sr=8-11
Nasher Miles Large Vienna Hard-Sided Polypropylene Double Spinner Check-in Luggage 28 inch | 75cm | 8 Wheels Trolley Bag for Travel | Suitcase (Cream White),Shweta Mandal,N/A,N/A,,Reviewed in India on 29 January 2026,https://www.amazon.in/Nasher-Miles-Hard-Sided-Polypropylene-Luggage/dp/B0CGTXL5V1/ref=sr_1_11?sr=8-11
Nasher Miles Large Vienna Hard-Sided Polypropylene Double Spinner Check-in Luggage 28 inch | 75cm | 8 Wheels Trolley Bag for Travel | Suitcase (Cream White),Jayan .A,N/A,N/A,,Reviewed in India on 21 July 2025,https://www.amazon.in/Nasher-Miles-Hard-Sided-Polypropylene-Luggage/dp/B0CGTXL5V1/ref=sr_1_11?sr=8-11
Nasher Miles Large Vienna Hard-Sided Polypropylene Double Spinner Check-in Luggage 28 inch | 75cm | 8 Wheels Trolley Bag for Travel | Suitcase (Cream White),abhinav singh,N/A,N/A,,Reviewed in India on 31 July 2025,https://www.amazon.in/Nasher-Miles-Hard-Sided-Polypropylene-Luggage/dp/B0CGTXL5V1/ref=sr_1_11?sr=8-11
Nasher Miles Polypropylene 360 Degree Paris Hard-Sided Cabin Luggage 20 inch | 55cm | 8 Wheels Small Trolley Bag for Travel | Suitcase (Maroon),Mayuri patel,N/A,N/A,,Reviewed in India on 12 April 2026,https://www.amazon.in/Nasher-Miles-Paris-Polypropylene-Maroon/dp/B09G72D86K/ref=sr_1_12?sr=8-12
Nasher Miles Polypropylene 360 Degree Paris Hard-Sided Cabin Luggage 20 inch | 55cm | 8 Wheels Small Trolley Bag for Travel | Suitcase (Maroon),SAMBARA GAMANGA,N/A,N/A,,Reviewed in India on 7 February 2026,https://www.amazon.in/Nasher-Miles-Paris-Polypropylene-Maroon/dp/B09G72D86K/ref=sr_1_12?sr=8-12
Nasher Miles Polypropylene 360 Degree Paris Hard-Sided Cabin Luggage 20 inch | 55cm | 8 Wheels Small Trolley Bag for Travel | Suitcase (Maroon),Amazon Customer,N/A,N/A,,Reviewed in India on 6 April 2026,https://www.amazon.in/Nasher-Miles-Paris-Polypropylene-Maroon/dp/B09G72D86K/ref=sr_1_12?sr=8-12
Nasher Miles Polypropylene 360 Degree Paris Hard-Sided Cabin Luggage 20 inch | 55cm | 8 Wheels Small Trolley Bag for Travel | Suitcase (Maroon),MD Firoz,N/A,N/A,,Reviewed in India on 14 April 2026,https://www.amazon.in/Nasher-Miles-Paris-Polypropylene-Maroon/dp/B09G72D86K/ref=sr_1_12?sr=8-12
Nasher Miles Polypropylene 360 Degree Paris Hard-Sided Cabin Luggage 20 inch | 55cm | 8 Wheels Small Trolley Bag for Travel | Suitcase (Maroon),Jassi Meerpuria,N/A,N/A,,Reviewed in India on 6 March 2026,https://www.amazon.in/Nasher-Miles-Paris-Polypropylene-Maroon/dp/B09G72D86K/ref=sr_1_12?sr=8-12
Nasher Miles Polypropylene 360 Degree Paris Hard-Sided Cabin Luggage 20 inch | 55cm | 8 Wheels Small Trolley Bag for Travel | Suitcase (Maroon),Syed A.,N/A,N/A,,Reviewed in India on 10 April 2026,https://www.amazon.in/Nasher-Miles-Paris-Polypropylene-Maroon/dp/B09G72D86K/ref=sr_1_12?sr=8-12
Nasher Miles Polypropylene 360 Degree Paris Hard-Sided Cabin Luggage 20 inch | 55cm | 8 Wheels Small Trolley Bag for Travel | Suitcase (Maroon),Nachi,N/A,N/A,,Reviewed in India on 4 November 2025,https://www.amazon.in/Nasher-Miles-Paris-Polypropylene-Maroon/dp/B09G72D86K/ref=sr_1_12?sr=8-12
Nasher Miles Polypropylene 360 Degree Paris Hard-Sided Cabin Luggage 20 inch | 55cm | 8 Wheels Small Trolley Bag for Travel | Suitcase (Maroon),Sunetra Ray,N/A,N/A,,Reviewed in India on 5 September 2025,https://www.amazon.in/Nasher-Miles-Paris-Polypropylene-Maroon/dp/B09G72D86K/ref=sr_1_12?sr=8-12
Nasher Miles Cabin Vienna Hard-Sided Polypropylene Luggage 20 inch | 55cm | 8 Wheels Double Spinner Small Trolley Bag for Travel | Suitcase (Pink),I.B.PATHAK,N/A,N/A,,Reviewed in India on 25 March 2025,https://www.amazon.in/Nasher-Miles-Hard-Sided-Polypropylene-Luggage/dp/B0CGTXCH1G/ref=sr_1_13?sr=8-13
Nasher Miles Cabin Vienna Hard-Sided Polypropylene Luggage 20 inch | 55cm | 8 Wheels Double Spinner Small Trolley Bag for Travel | Suitcase (Pink),Guna sagar,N/A,N/A,,Reviewed in India on 10 January 2026,https://www.amazon.in/Nasher-Miles-Hard-Sided-Polypropylene-Luggage/dp/B0CGTXCH1G/ref=sr_1_13?sr=8-13
Nasher Miles Cabin Vienna Hard-Sided Polypropylene Luggage 20 inch | 55cm | 8 Wheels Double Spinner Small Trolley Bag for Travel | Suitcase (Pink),Vinay,N/A,N/A,,Reviewed in India on 6 January 2026,https://www.amazon.in/Nasher-Miles-Hard-Sided-Polypropylene-Luggage/dp/B0CGTXCH1G/ref=sr_1_13?sr=8-13
Nasher Miles Cabin Vienna Hard-Sided Polypropylene Luggage 20 inch | 55cm | 8 Wheels Double Spinner Small Trolley Bag for Travel | Suitcase (Pink),avi,N/A,N/A,,Reviewed in India on 16 January 2026,https://www.amazon.in/Nasher-Miles-Hard-Sided-Polypropylene-Luggage/dp/B0CGTXCH1G/ref=sr_1_13?sr=8-13
Nasher Miles Cabin Vienna Hard-Sided Polypropylene Luggage 20 inch | 55cm | 8 Wheels Double Spinner Small Trolley Bag for Travel | Suitcase (Pink),Raushan kumar,N/A,N/A,,Reviewed in India on 4 March 2026,https://www.amazon.in/Nasher-Miles-Hard-Sided-Polypropylene-Luggage/dp/B0CGTXCH1G/ref=sr_1_13?sr=8-13
Nasher Miles Cabin Vienna Hard-Sided Polypropylene Luggage 20 inch | 55cm | 8 Wheels Double Spinner Small Trolley Bag for Travel | Suitcase (Pink),Shweta Mandal,N/A,N/A,,Reviewed in India on 29 January 2026,https://www.amazon.in/Nasher-Miles-Hard-Sided-Polypropylene-Luggage/dp/B0CGTXCH1G/ref=sr_1_13?sr=8-13
Nasher Miles Cabin Vienna Hard-Sided Polypropylene Luggage 20 inch | 55cm | 8 Wheels Double Spinner Small Trolley Bag for Travel | Suitcase (Pink),Jayan .A,N/A,N/A,,Reviewed in India on 21 July 2025,https://www.amazon.in/Nasher-Miles-Hard-Sided-Polypropylene-Luggage/dp/B0CGTXCH1G/ref=sr_1_13?sr=8-13
Nasher Miles Cabin Vienna Hard-Sided Polypropylene Luggage 20 inch | 55cm | 8 Wheels Double Spinner Small Trolley Bag for Travel | Suitcase (Pink),abhinav singh,N/A,N/A,,Reviewed in India on 31 July 2025,https://www.amazon.in/Nasher-Miles-Hard-Sided-Polypropylene-Luggage/dp/B0CGTXCH1G/ref=sr_1_13?sr=8-13
Nasher Miles Boston Hard-Sided Polypropylene Double Spinner Check-in Luggage 28 inch | 75cm | 8 Wheels Large Trolley Bag for Travel | Suitcase (Grey),Chetan Kanungo,Value for money,Nice product. Good quality.,,Reviewed in India on 20 April 2026,https://www.amazon.in/Nasher-Miles-Hard-Sided-Polypropylene-Suitcase/dp/B0D765DC6Q/ref=sr_1_14?sr=8-14
Nasher Miles Boston Hard-Sided Polypropylene Double Spinner Check-in Luggage 28 inch | 75cm | 8 Wheels Large Trolley Bag for Travel | Suitcase (Grey),Atul Negi,"""Exceptional Durability and Smooth Mobility:","Click to play video
""I recently purchased the 8-tyre trolley luggage from Nasher Miles, and it exceeded my expectations. The 8-tyre design makes maneuvering through airports and busy streets so much easier, and the build quality is top-notch. It feels sturdy yet lightweight, and the spacious compartments allowed me to pack everything I needed for my trip. The sleek design is a bonus, too. Overall, an awesome product that combines functionality with style. Highly recommended!""",,Reviewed in India on 8 September 2024,https://www.amazon.in/Nasher-Miles-Hard-Sided-Polypropylene-Suitcase/dp/B0D765DC6Q/ref=sr_1_14?sr=8-14
Nasher Miles Boston Hard-Sided Polypropylene Double Spinner Check-in Luggage 28 inch | 75cm | 8 Wheels Large Trolley Bag for Travel | Suitcase (Grey),MD KAMRUZZAMAN,Go for it,Nice product.,,Reviewed in India on 26 April 2026,https://www.amazon.in/Nasher-Miles-Hard-Sided-Polypropylene-Suitcase/dp/B0D765DC6Q/ref=sr_1_14?sr=8-14
Nasher Miles Boston Hard-Sided Polypropylene Double Spinner Check-in Luggage 28 inch | 75cm | 8 Wheels Large Trolley Bag for Travel | Suitcase (Grey),Shubham,"Worth it, i felt handle is slightly loose","The product quality is very good, and it’s better than the other trolley shown in the picture. I ordered both, but I decided to keep this one. It is ₹700 more expensive than the other, but it’s worth it at ₹3,899.
I personally feel one issue: the handle is slightly loose. I’m not sure whether it’s like this by default or if it’s a problem.",,Reviewed in India on 15 January 2026,https://www.amazon.in/Nasher-Miles-Hard-Sided-Polypropylene-Suitcase/dp/B0D765DC6Q/ref=sr_1_14?sr=8-14
Nasher Miles Boston Hard-Sided Polypropylene Double Spinner Check-in Luggage 28 inch | 75cm | 8 Wheels Large Trolley Bag for Travel | Suitcase (Grey),Aswin,Worst product with quality issues and broke with no weight put in,The hinges broke just in 2 weeks from purchase. I would never trust this brand and have had bad experience. This is all marketing with no quality product,,Reviewed in India on 2 February 2026,https://www.amazon.in/Nasher-Miles-Hard-Sided-Polypropylene-Suitcase/dp/B0D765DC6Q/ref=sr_1_14?sr=8-14
Nasher Miles Boston Hard-Sided Polypropylene Double Spinner Check-in Luggage 28 inch | 75cm | 8 Wheels Large Trolley Bag for Travel | Suitcase (Grey),Vasudevan Shashin,Movement of the bag,"Beautiful colours,steady grip and very useful for 2 to 3 days trip ,the movement of the bag is very smooth",,Reviewed in India on 8 January 2026,https://www.amazon.in/Nasher-Miles-Hard-Sided-Polypropylene-Suitcase/dp/B0D765DC6Q/ref=sr_1_14?sr=8-14
Nasher Miles Boston Hard-Sided Polypropylene Double Spinner Check-in Luggage 28 inch | 75cm | 8 Wheels Large Trolley Bag for Travel | Suitcase (Grey),BISWA BHUYAN,Sturdy and durable,Very light in weight. Ideal for travel. Sturdy and durable.,,Reviewed in India on 12 December 2025,https://www.amazon.in/Nasher-Miles-Hard-Sided-Polypropylene-Suitcase/dp/B0D765DC6Q/ref=sr_1_14?sr=8-14
Nasher Miles Boston Hard-Sided Polypropylene Double Spinner Check-in Luggage 28 inch | 75cm | 8 Wheels Large Trolley Bag for Travel | Suitcase (Grey),Shweta,Colour not proper,"Quality is ok but we received different colour, ordered gray colour but received pink.",,Reviewed in India on 1 August 2025,https://www.amazon.in/Nasher-Miles-Hard-Sided-Polypropylene-Suitcase/dp/B0D765DC6Q/ref=sr_1_14?sr=8-14
